name,ra,dec,band_guess,band_code,size_gb,date_utc,gain_calibrator_name,gain_onsource_min,gain_array_config,access_url,ra_deg,dec_deg,ra_rad,dec_rad,folder,wget_command,status,new_size,wget_error,downloaded_folder,extracted_ms,spw_selected,extracted_gain_onsource_min,caltables_found,corrected_used,size,spw_center_ghz,spw_bandwidth_mhz,spw_unflagged_frac,spw_n_rows,spw_matches_band
2341-351,23:41:45.891000,-35:06:22.130000,L,L,12.247746,2017-07-19 00:00:00+00:00,J2341-3506,54.84666664036922,C,https://data.nrao.edu/portal/#/productViewer/17A-293.sb33848958.eb34037770.57953.347049814816,355.44121249999995,-35.106147222222226,-0.0795658517737618,-0.6127178567176392,2341-351,"wget -r -l 10 --reject ""index.html*"" -np -nH --cut-dirs=3 https://dl-dsoc.nrao.edu/simonpedrogonzalez/23463671/ee3df31003b0298806e3ea8c5bb2f926/",done,2.259886213578284,"wget rc=8; accepted because folder present, size=22.146 GB, no expected size to compare",/Users/u1528314/repos/radioastro-ml/collect/downloads/2341-351,/Users/u1528314/repos/radioastro-ml/collect/extracted/2341-351/2341-351/2341-351.ms,0.0,58.4,1.0,1.0,,1.3631270207052022,31.96875,0.7180843102936555,715975.0,True
0447-220,4:47:37.282200,-22:03:36.805100,L,L,7.62075,2017-09-28 00:00:00+00:00,J0447-2203,31.914166681235656,B,https://data.nrao.edu/portal/#/productViewer/17B-329.sb34138166.eb34534856.58024.40257539352,71.90534249999999,-22.06022363888889,1.2549849763992105,-0.3850235362248957,0447-220,"wget -r -l 10 --reject ""index.html*"" -np -nH --cut-dirs=3 https://dl-dsoc.nrao.edu/simonpedrogonzalez/23467765/763c3a7fa8485e5ce78fe41f64e82f4e/",error,,[SPW] SPW 0 rejected: bandwidth too narrow (3.99 MHz < 10.00 MHz),/Users/u1528314/repos/radioastro-ml/collect/downloads/0447-220,/Users/u1528314/repos/radioastro-ml/collect/extracted/0447-220/0447-220/0447-220.ms,,,,,,,,,,
0739+016,7:39:18.033894,+1:37:04.618030,L,S,7.041064,2019-01-25 00:00:00+00:00,J0739+0137,30.016666684532535,C,https://data.nrao.edu/portal/#/productViewer/SE0229_sb36144333_1_1.58508.145297083334,114.825141225,1.6179494527777778,2.004076778443725,0.0282385450818127,0739+016,"wget -r -l 10 --reject ""index.html*"" -np -nH --cut-dirs=3 https://dl-dsoc.nrao.edu/simonpedrogonzalez/23471309/71fc7e187ad0e2df97f462c0689596f7/",done,0.0506592290475964,"wget rc=8; accepted because folder present, size=11.644 GB, no expected size to compare",/Users/u1528314/repos/radioastro-ml/collect/downloads/0739+016,/Users/u1528314/repos/radioastro-ml/collect/extracted/0739+016/0739+016/0739+016.ms,10.0,29.85,1.0,1.0,,3.307,126.0,0.8545147674779371,181300.0,False
1522-275,15:22:37.675991,-27:30:10.785430,L,L,13.378226,2019-09-07 00:00:00+00:00,J1522-2730,23.43583337031305,A,https://data.nrao.edu/portal/#/productViewer/19A-130.sb36178080.eb37212773.58733.88269438657,230.6569832958333,-27.502995952777777,-2.2574615059497334,-0.4800178335386471,1522-275,"wget -r -l 10 --reject ""index.html*"" -np -nH --cut-dirs=3 https://dl-dsoc.nrao.edu/simonpedrogonzalez/23475326/ed6227ca86f732d05a5dc7bd8b1963ea/",done,0.0909951860085129,"wget rc=8; accepted because folder present, size=23.397 GB, no expected size to compare",/Users/u1528314/repos/radioastro-ml/collect/downloads/1522-275,/Users/u1528314/repos/radioastro-ml/collect/extracted/1522-275/1522-275/1522-275.ms,11.0,22.65,1.0,1.0,,1.7435,63.0,0.7962883334452348,368628.0,True
0012-399,0:12:59.908000,-39:54:25.836000,C,C,11.226409,2017-11-23 00:00:00+00:00,J0012-3954,20.85833332152106,B,https://data.nrao.edu/portal/#/productViewer/17B-078.sb34399442.eb34741390.58080.15345405093,3.2496166666666664,-39.907176666666665,0.0567165102610163,-0.696511628008389,0012-399,"wget -r -l 10 --reject ""index.html*"" -np -nH --cut-dirs=3 https://dl-dsoc.nrao.edu/simonpedrogonzalez/23479416/408ffcc0c429868ea86a459d134f293b/",done,0.1796133900061249,"wget rc=8; accepted because folder present, size=20.458 GB, no expected size to compare",/Users/u1528314/repos/radioastro-ml/collect/downloads/0012-399,/Users/u1528314/repos/radioastro-ml/collect/extracted/0012-399/0012-399/0012-399.ms,13.0,19.583333333333332,0.0,1.0,,7.291,126.0,0.7079720956684662,323973.0,True
0029+349,0:29:14.242456,+34:56:32.246560,L,L,5.175655,2021-04-05 00:00:00+00:00,J0029+3456,19.945833357051015,D,https://data.nrao.edu/portal/#/productViewer/21A-386.sb39308424.eb39561699.59309.65995487268,7.309343566666666,34.942290711111106,0.1275721113977989,0.6098580210979195,0029+349,"wget -r -l 10 --reject ""index.html*"" -np -nH --cut-dirs=3 https://dl-dsoc.nrao.edu/simonpedrogonzalez/21112640/37cb301c1ce42a3fccd647cccf6af2f7/",done,1.2015413949266076,"ValueError: not enough values to unpack (expected 3, got 1)",/Users/u1528314/repos/radioastro-ml/collect/downloads/0029+349,/Users/u1528314/repos/radioastro-ml/collect/extracted/0029+349/0029+349/0029+349.ms,0.0,19.583333333333332,1.0,1.0,,1.388263920584811,31.96875,0.6357691759605067,302900.0,True
0943-083,9:43:36.944364,-8:19:30.812400,L,L,5.224599,2021-04-17 00:00:00+00:00,J0943-0819,19.945000007282943,D,https://data.nrao.edu/portal/#/productViewer/21A-386.sb39511611.eb39580570.59321.03600622685,145.90393484999998,-8.325225666666666,2.546504054747799,-0.1453025988548732,0943-083,"wget -r -l 10 --reject ""index.html*"" -np -nH --cut-dirs=3 https://dl-dsoc.nrao.edu/simonpedrogonzalez/21116412/a88e65460f6e579d793b2906e7c43f1d/",error,,,,,,,,,,,,,,
0949+662,9:49:12.210000,+66:14:59.321000,L,L S,13.64031,2021-03-24 00:00:00+00:00,J0949+6614,19.944166678469628,D,https://data.nrao.edu/portal/#/productViewer/21A-315.sb39406850.eb39523787.59297.08140472222,147.300875,66.24981138888889,2.5708852598186023,1.1562773375613489,0949+662,"wget -r -l 10 --reject ""index.html*"" -np -nH --cut-dirs=3 https://dl-dsoc.nrao.edu/simonpedrogonzalez/23918392/70b93d59e50a6b11ea6079b98683334a/",error,,download looks present but no .ms found in download folder,/Users/u1528314/repos/radioastro-ml/collect/downloads/0949+662,,,,,,,,,,,
0259+077,2:59:27.076633,+7:47:39.643230,L,L,12.159766,2023-04-09 00:00:00+00:00,J0259+0747,19.779166682856157,B,https://data.nrao.edu/portal/#/productViewer/23A-354.sb43148991.eb43786849.60043.93376165509,44.86281930416666,7.794345341666666,0.7830039085849797,0.1360369892495657,0259+077,"wget -r -l 10 --reject ""index.html*"" -np -nH --cut-dirs=3 https://dl-dsoc.nrao.edu/simonpedrogonzalez/23922430/f93f1d4fba726331dd41925deb458bc9/",done,0.7471827948465943,"wget rc=8; accepted because folder present, size=21.366 GB, no expected size to compare",/Users/u1528314/repos/radioastro-ml/collect/downloads/0259+077,/Users/u1528314/repos/radioastro-ml/collect/extracted/0259+077/0259+077/0259+077.ms,1.0,19.2,1.0,1.0,,1.4290901983631248,126.0,0.807733159331646,1066800.0,True
0121+043,1:21:56.861699,+4:22:24.734360,L,L,10.676553,2018-05-29 00:00:00+00:00,J0121+0422,19.365016700467095,A,https://data.nrao.edu/portal/#/productViewer/18A-253.sb35146759.eb35452011.58267.54645782408,20.48692374583333,4.373537322222222,0.3575642729698015,0.0763326262316339,0121+043,"wget -r -l 10 --reject ""index.html*"" -np -nH --cut-dirs=3 https://dl-dsoc.nrao.edu/simonpedrogonzalez/23926419/66c6bc99c0a830e115beb671c7cd2492/",error,,[SPW] SPW 1 rejected: bandwidth too narrow (0.50 MHz < 10.00 MHz),/Users/u1528314/repos/radioastro-ml/collect/downloads/0121+043,/Users/u1528314/repos/radioastro-ml/collect/extracted/0121+043/0121+043/0121+043.ms,,,,,,,,,,
1740+521,17:40:36.977850,+52:11:43.407500,C,C,12.224367,2020-08-11 00:00:00+00:00,J1740+5211,18.99833333096467,B,https://data.nrao.edu/portal/#/productViewer/20A-182.sb38309845.eb38565672.59071.99120952546,265.154074375,52.19539097222222,-1.6553736842579108,0.910981426831002,1740+521,"wget -r -l 10 --reject ""index.html*"" -np -nH --cut-dirs=3  https://dl-dsoc.nrao.edu/simonpedrogonzalez/23930831/2c5fe20055604bf6fadc6fbdf63a1a38/",error,,[SPW] SPW 6 rejected: unflagged fraction too low (0.394 < 0.5),/Users/u1528314/repos/radioastro-ml/collect/downloads/1740+521,/Users/u1528314/repos/radioastro-ml/collect/extracted/1740+521/1740+521/1740+521.ms,,,,,,,,,,
1018-317,10:18:09.267500,-31:44:13.983000,L,C L,12.176663,2018-12-16 00:00:00+00:00,J1018-3144,18.783333386527374,C,https://data.nrao.edu/portal/#/productViewer/18B-274.sb35645239.eb36033456.58468.430235567124,154.53861458333333,-31.7372175,2.6972076459496916,-0.5539189407965635,1018-317,"wget -r -l 10 --reject ""index.html*"" -np -nH --cut-dirs=3 https://dl-dsoc.nrao.edu/simonpedrogonzalez/23934323/8a076299c6032d0afbe353a797cafcf7/",done,0.1294894451275468,"wget rc=8; accepted because folder present, size=22.186 GB, no expected size to compare",/Users/u1528314/repos/radioastro-ml/collect/downloads/1018-317,/Users/u1528314/repos/radioastro-ml/collect/extracted/1018-317/1018-317/1018-317.ms,13.0,14.5,0.0,1.0,,1.8715,63.0,0.6512589580482462,133731.0,True
1008+075,10:08:00.016000,+7:30:16.552000,L,L,2.323126,2022-09-02 00:00:00+00:00,J1008+0730,18.44916669884697,D,https://data.nrao.edu/portal/#/productViewer/22A-099.sb42368485.eb42568846.59824.70339501157,152.00006666666664,7.504597777777778,2.652901626584215,0.1309799402600719,1008+075,"wget -r -l 10 --reject ""index.html*"" -np -nH --cut-dirs=3 https://dl-dsoc.nrao.edu/simonpedrogonzalez/21106329/88a1127e72f63916f6629e99c5afdcba/",error,0.7811693968251348,[SPW] SPW 0 rejected: unflagged fraction too low (0.093 < 0.5),/Users/u1528314/repos/radioastro-ml/collect/downloads/1008+075,/Users/u1528314/repos/radioastro-ml/collect/extracted/1008+075/1008+075/1008+075.ms,0.0,18.083333333333332,9.0,1.0,,1.414660825656732,3.9921875,0.09323803836295,248508.0,True
2346+095,23:46:36.838558,+9:30:45.514970,X,KA,14.235795,2024-03-12 00:00:00+00:00,J2346+0930,17.9508333443664,C,https://data.nrao.edu/portal/#/productViewer/SA101269.sb45189188.eb45299195.60381.65584369213,356.6534939916666,9.51264304722222,-0.0584075482831904,0.1660269417409741,2346+095,"wget -r -l 10 --reject ""index.html*"" -np -nH --cut-dirs=3 https://dl-dsoc.nrao.edu/simonpedrogonzalez/27566217/1ce34e09386ab6751243f0737f4a09d0/",error,,[SPW] SPW 0 rejected: unflagged fraction too low (0.000 < 0.5),/Users/u1528314/repos/radioastro-ml/collect/downloads/2346+095,/Users/u1528314/repos/radioastro-ml/collect/extracted/2346+095/2346+095/2346+095.ms,,,,,,,,,,
1459+716,14:59:07.583867,+71:40:19.867740,L,L S,11.204613,2018-11-23 00:00:00+00:00,J1459+7140,17.452500010840595,C,https://data.nrao.edu/portal/#/productViewer/18B-099.sb35749446.eb35934408.58445.46521650463,224.7815994458333,71.67218548333334,-2.3600062989507338,1.2509156187842505,1459+716,"wget -r -l 10 --reject ""index.html*"" -np -nH --cut-dirs=3 https://dl-dsoc.nrao.edu/simonpedrogonzalez/27570802/a053c3aead7ec5d97141de6058892784/",downloading,,,,,,,,,,,,,,
0744-064,7:44:21.660500,-6:29:35.888000,L,L,14.497627,2020-02-12 00:00:00+00:00,J0744-0629,16.953316658036783,C,https://data.nrao.edu/portal/#/productViewer/20A-123.sb37724295.eb37907878.58891.15314925926,116.09025208333333,-6.493302222222222,2.026157128324373,-0.1133295031048422,0744-064,"wget -r -l 10 --reject ""index.html*"" -np -nH --cut-dirs=3 https://dl-dsoc.nrao.edu/simonpedrogonzalez/27574915/a05479f8ec5b16f4eb2d805966536796/",done,0.1331132212653756,"wget rc=8; accepted because folder present, size=26.198 GB, no expected size to compare",/Users/u1528314/repos/radioastro-ml/collect/downloads/0744-064,/Users/u1528314/repos/radioastro-ml/collect/extracted/0744-064/0744-064/0744-064.ms,5.0,16.583333333333332,0.0,1.0,,1.8134755254663224,127.0,0.7593009990797306,319200.0,True
1824+107,18:24:02.855259,+10:44:23.774010,L,L X,12.567041,2020-10-18 00:00:00+00:00,J1824+1044,16.47333328030072,B,https://data.nrao.edu/portal/#/productViewer/20A-439.sb38713323.eb38767930.59140.01197328704,276.01189691249994,10.739937224999998,-1.4658689313812914,0.187447266033753,1824+107,"wget -r -l 10 --reject ""index.html*"" -np -nH --cut-dirs=3 https://dl-dsoc.nrao.edu/simonpedrogonzalez/27578492/488dcea5738ed44dc60a8ba8a2e1777e/",done,0.1398371132090687,"wget rc=8; accepted because folder present, size=22.865 GB, no expected size to compare",/Users/u1528314/repos/radioastro-ml/collect/downloads/1824+107,/Users/u1528314/repos/radioastro-ml/collect/extracted/1824+107/1824+107/1824+107.ms,13.0,15.916666666666666,0.0,1.0,,1.7435,63.0,0.746043117455896,350025.0,True
1224+213,12:24:54.458387,+21:22:46.388610,C,C,8.10915,2021-07-27 00:00:00+00:00,J1224+2122,16.45416669663973,C,https://data.nrao.edu/portal/#/productViewer/20B-057.sb40008389.eb40013263.59422.805578831016,186.2269099458333,21.379552391666667,-3.03291257280982,0.3731435818372116,1224+213,"wget -r -l 10 --reject ""index.html*"" -np -nH --cut-dirs=3 https://dl-dsoc.nrao.edu/simonpedrogonzalez/27582492/a48513bb9cf49606c93e10b4b54249d9/",done,0.1475241901353001,"wget rc=8; accepted because folder present, size=14.743 GB, no expected size to compare",/Users/u1528314/repos/radioastro-ml/collect/downloads/1224+213,/Users/u1528314/repos/radioastro-ml/collect/extracted/1224+213/1224+213/1224+213.ms,6.0,16.083333333333332,0.0,1.0,,5.319,126.0,0.7183728217445322,233415.0,True
2137+510,21:37:01.001500,+51:01:36.079000,X,X,13.840431,2017-05-25 00:00:00+00:00,J2137+5101,15.9900000016205,C,https://data.nrao.edu/portal/#/productViewer/17A-218.sb33814704.eb33816086.57898.453904525464,324.2541729166666,51.02668861111111,-0.6238823764527289,0.8905837226537813,2137+510,"wget -r -l 10 --reject ""index.html*"" -np -nH --cut-dirs=3 https://dl-dsoc.nrao.edu/simonpedrogonzalez/27586155/7d4b7a1bd19dd18f139c4f74ea556b9c/",error,,download looks present but no .ms found in download folder,/Users/u1528314/repos/radioastro-ml/collect/downloads/2137+510,,,,,,,,,,,
2047-026,20:47:10.351400,-2:36:22.152000,L,L S,6.786233,2019-01-18 00:00:00+00:00,J2047-0236,15.95666667097248,C,https://data.nrao.edu/portal/#/productViewer/18B-028.sb35923574.eb36138932.58501.838387337964,311.7931308333333,-2.6061533333333333,-0.8413685890364692,-0.0454859564784919,2047-026,"wget -r -l 10 --reject ""index.html*"" -np -nH --cut-dirs=3 https://dl-dsoc.nrao.edu/simonpedrogonzalez/27590653/46d0b1a34cffd3d88edc16740032ea5d/",error,,[SPW] SPW 0 rejected: unflagged fraction too low (0.000 < 0.5),/Users/u1528314/repos/radioastro-ml/collect/downloads/2047-026,/Users/u1528314/repos/radioastro-ml/collect/extracted/2047-026/2047-026/2047-026.ms,,,,,,,,,,
1924+334,19:24:17.483900,+33:29:29.724000,L,L,7.342772,2021-05-11 00:00:00+00:00,J1924+3329,15.955833342159169,D,https://data.nrao.edu/portal/#/productViewer/21A-255.sb39352719.eb39635267.59345.22033329861,291.07284958333327,33.49159,-1.203005718788216,0.5845385172280078,1924+334,"wget -r -l 10 --reject ""index.html*"" -np -nH --cut-dirs=3 https://dl-dsoc.nrao.edu/simonpedrogonzalez/27594242/e3296d4b64714df21c75043dcfec95b3/",done,0.1228518979623913,"wget rc=8; accepted because folder present, size=13.326 GB, no expected size to compare",/Users/u1528314/repos/radioastro-ml/collect/downloads/1924+334,/Users/u1528314/repos/radioastro-ml/collect/extracted/1924+334/1924+334/1924+334.ms,12.0,15.583333333333334,0.0,1.0,,1.7815,63.0,0.5172693664058796,210900.0,True
1956-076,19:56:11.091000,-7:36:54.567000,L,L,11.307675,2023-10-30 00:00:00+00:00,J1956-0736,15.458333347924054,D,https://data.nrao.edu/portal/#/productViewer/23B-079.sb44661345.eb44756911.60247.01668302083,299.04621249999997,-7.6151575,-1.0638442834359638,-0.13290957143294,1956-076,"wget -r -l 10 --reject ""index.html*"" -np -nH --cut-dirs=3 https://dl-dsoc.nrao.edu/simonpedrogonzalez/27598928/8fa28ac282a532b6c4b1f4e9263d9306/",error,,[SPW] SPW 3 rejected: unflagged fraction too low (0.175 < 0.5),/Users/u1528314/repos/radioastro-ml/collect/downloads/1956-076,/Users/u1528314/repos/radioastro-ml/collect/extracted/1956-076/1956-076/1956-076.ms,,,,,,,,,,
0024-420,0:24:42.989921,-42:02:03.950200,L,S,11.810927,2023-05-30 00:00:00+00:00,J0024-4202,14.95999998296611,B,https://data.nrao.edu/portal/#/productViewer/23A-068.sb43052135.eb44031644.60094.55354649306,6.179124670833333,-42.03443061111111,0.1078460703972524,-0.7336392133649811,0024-420,"wget -r -l 10 --reject ""index.html*"" -np -nH --cut-dirs=3 https://dl-dsoc.nrao.edu/simonpedrogonzalez/27602186/be1ab1fe1fa33b3e02527baaa9f633fc/",done,0.3313114354386925,"wget rc=8; accepted because folder present, size=20.986 GB, no expected size to compare",/Users/u1528314/repos/radioastro-ml/collect/downloads/0024-420,/Users/u1528314/repos/radioastro-ml/collect/extracted/0024-420/0024-420/0024-420.ms,6.0,14.8,0.0,1.0,,2.819,126.0,0.6938484648287824,330924.0,False
1400+621,14:00:28.652600,+62:10:38.526000,L,L,5.595439,2022-08-09 00:00:00+00:00,J1400+6210,14.875000066822397,D,https://data.nrao.edu/portal/#/productViewer/22A-431.sb42128367.eb42498952.59800.14593054398,210.11938583333333,62.177368333333334,-2.615910202119591,1.085199797641926,1400+621,"wget -r -l 10 --reject ""index.html*"" -np -nH --cut-dirs=3 https://dl-dsoc.nrao.edu/simonpedrogonzalez/27606961/4c13d3035ef300ae28040ce8ba1e3fce/",error,,"wget rc=8; accepted because folder present, size=9.910 GB, no expected size to compare",/Users/u1528314/repos/radioastro-ml/collect/downloads/1400+621,/Users/u1528314/repos/radioastro-ml/collect/extracted/1400+621/1400+621/1400+621.ms,,,,,,,,,,
1044+809,10:44:23.062554,+80:54:39.443030,C,C,13.353856,2024-01-24 00:00:00+00:00,J1044+8054,14.825833310605958,C,https://data.nrao.edu/portal/#/productViewer/23B-041.sb44952728.eb45179764.60333.33735652777,161.09609397499997,80.91095639722222,2.8116572519659493,1.4121625900690968,1044+809,"wget -r -l 10 --reject ""index.html*"" -np -nH --cut-dirs=3 https://dl-dsoc.nrao.edu/simonpedrogonzalez/27610682/56a50edd89ab29c1cff080ba21c4b349/",done,0.3982580052688718,"wget rc=8; accepted because folder present, size=23.685 GB, no expected size to compare",/Users/u1528314/repos/radioastro-ml/collect/downloads/1044+809,/Users/u1528314/repos/radioastro-ml/collect/extracted/1044+809/1044+809/1044+809.ms,4,14.083333333333334,0.0,1.0,,5.063,126.0,0.7367833314128844,371007.0,True
2257-364,22:57:10.614100,-36:27:43.710000,C,C,1.022422,2018-09-10 00:00:00+00:00,J2257-3627,14.660000007133933,D,https://data.nrao.edu/portal/#/productViewer/SE0229.sb35581279.eb35598681_000.58371.27884038194,344.2942254166666,-36.46214166666667,-0.274117478055208,-0.6363844244119461,2257-364,"wget -r -l 10 --reject ""index.html*"" -np -nH --cut-dirs=3 https://dl-dsoc.nrao.edu/simonpedrogonzalez/21098617/3e9aece8307a78934bc382fd20be54fe/",done,0.0121454568579792,"ValueError: not enough values to unpack (expected 3, got 1)",/Users/u1528314/repos/radioastro-ml/collect/downloads/2257-364,/Users/u1528314/repos/radioastro-ml/collect/extracted/2257-364/2257-364/2257-364.ms,6.0,15.1,1.0,1.0,,6.819,126.0,0.7970216918011894,23540.0,True
1354-021,13:54:06.895319,-2:06:03.190510,L,L,4.075326,2020-05-20 00:00:00+00:00,J1354-0206,14.459983395645397,C,https://data.nrao.edu/portal/#/productViewer/19B-343.sb38129329.eb38177179.58989.054084918986,208.52873049583332,-2.100886252777778,-2.6436723750233875,-0.036667382320858,1354-021,"wget -r -l 10 --reject ""index.html*"" -np -nH --cut-dirs=3 https://dl-dsoc.nrao.edu/simonpedrogonzalez/28086912/9923db60262bd32f556becbc4e77eb84/",error,,download looks present but no .ms found in download folder,/Users/u1528314/repos/radioastro-ml/collect/downloads/1354-021,,,,,,,,,,,
2023+544,20:23:55.844024,+54:27:35.828990,L,C L,10.983198,2020-03-25 00:00:00+00:00,J2023+5427,14.210833325050771,C,https://data.nrao.edu/portal/#/productViewer/18B-265.sb37915291.eb37993385.58933.74739640046,305.98268343333325,54.459952497222226,-0.942780027180414,0.9505054815562358,2023+544,"wget -r -l 10 --reject ""index.html*"" -np -nH --cut-dirs=3   https://dl-dsoc.nrao.edu/simonpedrogonzalez/28090121/1a44c70cb0830df4e8e09ebde61df782/",error,,download looks present but no .ms found in download folder,/Users/u1528314/repos/radioastro-ml/collect/downloads/2023+544,,,,,,,,,,,
0902-142,9:02:16.830907,-14:15:30.875380,L,L,3.297908,2017-07-07 00:00:00+00:00,J0902-1415,13.464999992866067,C,https://data.nrao.edu/portal/#/productViewer/17A-296.sb33813849.eb33997674.57941.76535543981,135.57012877916665,-14.258576494444444,2.3661451145491785,-0.2488591064755265,0902-142,"wget -r -l 10 --reject ""index.html*"" -np -nH --cut-dirs=3   https://dl-dsoc.nrao.edu/simonpedrogonzalez/28094718/db24ea02d94f86047dbb2febfd24ce9c/",error,,[SPW] SPW 1 rejected: bandwidth too narrow (3.98 MHz < 10.00 MHz),/Users/u1528314/repos/radioastro-ml/collect/downloads/0902-142,/Users/u1528314/repos/radioastro-ml/collect/extracted/0902-142/0902-142/0902-142.ms,,,,,,,,,,
0521+166,5:21:09.886021,+16:38:22.051220,L,L,3.297908,2017-07-07 00:00:00+00:00,J0902-1415,13.464999992866067,C,https://data.nrao.edu/portal/#/productViewer/17A-296.sb33813849.eb33997674.57941.76535543981,80.29119175416665,16.639458672222222,1.4013456564603295,0.2904133395798017,0521+166,"wget -r -l 10 --reject ""index.html*"" -np -nH --cut-dirs=3  https://dl-dsoc.nrao.edu/simonpedrogonzalez/28098144/1cf03f6e59a2c2a77663c8a4a6f0cec7/",error,,[SPW] SPW 1 rejected: bandwidth too narrow (3.98 MHz < 10.00 MHz),/Users/u1528314/repos/radioastro-ml/collect/downloads/0521+166,/Users/u1528314/repos/radioastro-ml/collect/extracted/0521+166/0521+166/0521+166.ms,,,,,,,,,,
2248-325,22:48:38.685732,-32:35:52.187830,L,C S,12.496664,2023-05-23 00:00:00+00:00,J2248-3235,13.46333334571682,B,https://data.nrao.edu/portal/#/productViewer/23A-068.sb43387534.eb43996418.60087.53266765046,342.16119054999996,-32.59782995277778,-0.3113459595383795,-0.5689394616811999,2248-325,"wget -r -l 10 --reject ""index.html*"" -np -nH --cut-dirs=3 https://dl-dsoc.nrao.edu/simonpedrogonzalez/28102394/4722e8d81d9ecfed0d1caecce9f00aa7/",done,0.3326104888692498,"wget rc=8; accepted because folder present, size=22.250 GB, no expected size to compare",/Users/u1528314/repos/radioastro-ml/collect/downloads/2248-325,/Users/u1528314/repos/radioastro-ml/collect/extracted/2248-325/2248-325/2248-325.ms,12,13.3,0.0,1.0,,3.307,126.0,0.8030288487264554,350400.0,False
0112+227,1:12:05.824718,+22:44:38.786190,C,C,8.108007,2021-03-30 00:00:00+00:00,J0112+2244,13.364166672108697,D,https://data.nrao.edu/portal/#/productViewer/20B-149.sb39550506.eb39551125.59303.60019144676,18.02426965833333,22.744107275,0.31458285080523,0.3969595573755454,0112+227,"wget -r -l 10 --reject ""index.html*"" -np -nH --cut-dirs=3 https://dl-dsoc.nrao.edu/simonpedrogonzalez/28106595/c166aa5361417f8e72f7d4cfd37afe01/",downloading,,,,,,,,,,,,,,
0750+482,7:50:20.436304,+48:14:53.556410,C,C,8.104858,2021-04-20 00:00:00+00:00,J0750+4814,13.36415001307614,D,https://data.nrao.edu/portal/#/productViewer/20B-149.sb39581491.eb39589549.59324.919125370376,117.58515126666666,48.24821011388889,2.052248041058914,0.8420901246813893,,"wget -r -l 10 --reject ""index.html*"" -np -nH --cut-dirs=3 https://dl-dsoc.nrao.edu/simonpedrogonzalez/28110644/62155787eed03e6d94f6c9857924f4b9/",,,,,,,,,,,,,,,
0632+103,6:32:15.326900,+10:22:01.676000,L,L,7.081711,2016-09-11 00:00:00+00:00,J0632+1022,13.214166657999158,B,https://data.nrao.edu/portal/#/productViewer/S91005.sb32550336.eb32738393.57642.57169658565,98.06386208333332,10.367132222222224,1.7115372705757923,0.1809405912673742,,"wget -r -l 10 --reject ""index.html*"" -np -nH --cut-dirs=3 https://dl-dsoc.nrao.edu/simonpedrogonzalez/28114696/fa1593229c780398ef890f56b240ff55/",,,,,,,,,,,,,,,
1714-252,17:14:47.857000,-25:14:35.144000,L,L,7.081702,2016-09-01 00:00:00+00:00,J1714-2514,13.213333318708465,B,https://data.nrao.edu/portal/#/productViewer/S91005.sb32550480.eb32659406.57632.09222305556,258.6994041666667,-25.243095555555556,-1.7680289315237154,-0.4405751308399916,,"wget -r -l 10 --reject ""index.html*"" -np -nH --cut-dirs=3 https://dl-dsoc.nrao.edu/simonpedrogonzalez/28119392/9a92c100353863659fda606cbd7c1a4d/",,,,,,,,,,,,,,,
0336+323,3:36:30.107599,+32:18:29.342390,L,L,6.981677,2020-08-30 00:00:00+00:00,J0336+3218,12.96416667290032,B,https://data.nrao.edu/portal/#/productViewer/20A-235.sb38622794.eb38624965.59091.54055288194,54.12544832916666,32.30815066388889,0.9446672824620218,0.563883604315253,,"wget -r -l 10 --reject ""index.html*"" -np -nH --cut-dirs=3 https://dl-dsoc.nrao.edu/simonpedrogonzalez/28123522/281d0ce601ca0403eab87db9377dce35/",,,,,,,,,,,,,,,
2350+646,23:50:54.917600,+64:40:17.830000,L,L,11.336491,2023-10-29 00:00:00+00:00,J2350+6440,12.964166630990803,D,https://data.nrao.edu/portal/#/productViewer/23B-079.sb44649808.eb44756893.60246.03351306713,357.7288233333333,64.67161944444445,-0.0396395107278034,1.1287326919023415,,"wget -r -l 10 --reject ""index.html*"" -np -nH --cut-dirs=3 https://dl-dsoc.nrao.edu/simonpedrogonzalez/28127849/887086b840dfa514722889f080277561/",,,,,,,,,,,,,,,
0025-260,0:25:49.168300,-26:02:12.695000,L,L,3.960961,2020-06-05 00:00:00+00:00,J0025-2602,12.465833349851891,C,https://data.nrao.edu/portal/#/productViewer/20A-438.sb38243313.eb38259470.59005.53019585648,6.454867916666666,-26.036859722222225,0.1126586979271802,-0.454428929032674,,,,,,,,,,,,,,,,,
1035+564,10:35:07.039900,+56:28:46.792000,L,L,3.312432,2017-06-11 00:00:00+00:00,J1035+5628,12.465816638432443,C,https://data.nrao.edu/portal/#/productViewer/17A-296.sb33813768.eb33916632.57915.92144484953,158.77933291666665,56.479664444444445,2.771222143516044,0.9857561049771296,,,,,,,,,,,,,,,,,
1949-199,19:49:53.420177,-19:57:13.330400,L,L X,13.993181,2020-03-01 00:00:00+00:00,J1949-1957,12.465000010561198,C,https://data.nrao.edu/portal/#/productViewer/SC1046.sb37924683.eb37952474.58909.683117939814,297.47258407083325,-19.953702888888888,-1.0913092807279092,-0.3482578133758153,,,,,,,,,,,,,,,,,
2015+371,20:15:28.733300,+37:10:59.505000,L,S,8.027754,2024-02-25 00:00:00+00:00,J2015+3710,12.134166638134047,C,https://data.nrao.edu/portal/#/productViewer/24A-412.sb44994315.eb45281805.60365.72064175926,303.86972208333333,37.18319583333333,-0.9796581597052968,0.6489691937055033,,,,,,,,,,,,,,,,,
1719+177,17:19:13.048469,+17:45:06.436980,X,X,13.852363,2016-09-28 00:00:00+00:00,J1719+1745,11.969166632043198,B,https://data.nrao.edu/portal/#/productViewer/15A-235.sb32859381.eb32860575.57658.99386342593,259.8043686208333,17.75178805,-1.7487436636810056,0.3098271495886837,,,,,,,,,,,,,,,,,
1150-003,11:50:43.870761,-0:23:54.204900,L,L,3.048794,2018-09-09 00:00:00+00:00,J1150-0023,11.9683333451394,D,https://data.nrao.edu/portal/#/productViewer/18A-074.sb35417086.eb35598661.58370.65209020833,177.68279483749998,-0.39839025,3.1011497940599577,-0.0069532215703433,,,,,,,,,,,,,,,,,
0108+015,1:08:38.771074,+1:35:00.317140,L,L,3.555156,2017-03-31 00:00:00+00:00,J0108+0135,11.9683333451394,D,https://data.nrao.edu/portal/#/productViewer/17A-060.sb33364047.eb33638732.57843.627024050926,17.161546141666665,1.5834214277777778,0.2995254849050125,0.0276359173613518,,,,,,,,,,,,,,,,,
1057-245,10:57:55.410047,-24:33:48.871750,L,L S,7.905568,2017-08-25 00:00:00+00:00,J1057-2433,11.967500016326085,C,https://data.nrao.edu/portal/#/productViewer/17B-388.sb34154645.eb34218619.57990.749118611115,164.4808751958333,-24.563575486111112,2.870732828729164,-0.4287152682948055,,,,,,,,,,,,,,,,,
0141+138,1:41:09.154500,+13:53:28.033000,L,L,13.588724,2022-07-22 00:00:00+00:00,J0141+1353,11.967500005848706,D,https://data.nrao.edu/portal/#/productViewer/22A-023.sb41895658.eb42437782.59782.36632863426,25.288143749999996,13.891120277777777,0.4413613701551257,0.2424457856377715,,,,,,,,,,,,,,,,,
2212+018,22:12:37.977000,+1:52:51.151000,L,L,9.174858,2022-07-30 00:00:00+00:00,J2212+0152,11.967499984893948,D,https://data.nrao.edu/portal/#/productViewer/22A-023.sb41849950.eb42468880.59790.292993020834,333.1582375,1.8808752777777775,-0.4684771326633447,0.0328274664165851,,,,,,,,,,,,,,,,,
0608-223,6:08:59.686836,-22:20:20.955920,C,C X,10.713746,2016-12-23 00:00:00+00:00,J0608-2220,11.966666708467528,A,https://data.nrao.edu/portal/#/productViewer/15A-235.sb33100690.eb33101574.57745.31847357639,92.24869515,-22.339154422222222,1.6100434610360244,-0.3898917967792293,,,,,,,,,,,,,,,,,
0312-148,3:12:46.398800,-14:49:52.051000,L,L,13.564898,2022-08-02 00:00:00+00:00,J0312-1449,11.96666669799015,D,https://data.nrao.edu/portal/#/productViewer/22A-023.sb41898193.eb42470372.59793.62605548611,48.19332833333333,-14.831125277777778,0.841132256911338,-0.2588519678729808,,,,,,,,,,,,,,,,,
0409-179,4:09:06.700000,-17:57:10.039000,L,L,10.672258,2017-08-24 00:00:00+00:00,J0409-1757,11.966666677035391,C,https://data.nrao.edu/portal/#/productViewer/17A-332.sb33757064.eb34200163.57989.42082625,62.27791666666667,-17.95278861111111,1.0869546971159854,-0.3133352711784287,,,,,,,,,,,,,,,,,
0508+845,5:08:42.363503,+84:32:04.544020,C,C L S X,14.102629,2022-10-22 00:00:00+00:00,J0508+8432,11.966666666558012,C,https://data.nrao.edu/portal/#/productViewer/22B-003.sb42772644.eb42948825.59874.28743435185,77.17651459583334,84.5345955611111,1.3469842849107525,1.475407024383172,,,,,,,,,,,,,,,,,
0921-263,9:21:29.353874,-26:18:43.386040,L,C S,14.784338,2021-10-02 00:00:00+00:00,J0921-2618,11.93333336734213,B,https://data.nrao.edu/portal/#/productViewer/21A-282.sb40441786.eb40485330.59489.64181988426,140.37230780833332,-26.312051677777777,2.449958949878362,-0.4592319347321203,,,,,,,,,,,,,,,,,
0846-261,8:46:00.733855,-26:10:54.155700,L,C S,13.724234,2021-10-07 00:00:00+00:00,J0846-2610,11.900833375984805,B,https://data.nrao.edu/portal/#/productViewer/21A-282.sb40441515.eb40524248.59494.56645186343,131.50305772916667,-26.18170991666667,2.295161333814136,-0.4569570418478836,,,,,,,,,,,,,,,,,
0653+370,6:53:58.282842,+37:05:40.606420,C,C L S X,13.664363,2022-11-06 00:00:00+00:00,J0653+3705,11.30083336145617,C,https://data.nrao.edu/portal/#/productViewer/22B-003.sb42845935.eb42977367.59889.52672653935,103.492845175,37.094612894444445,1.8062909005604768,0.6474231297607994,,,,,,,,,,,,,,,,,
0205+322,2:05:04.925371,+32:12:30.095600,L,L,3.285398,2022-12-10 00:00:00+00:00,J0205+3212,11.168333346722648,C,https://data.nrao.edu/portal/#/productViewer/22B-319.sb43053492.eb43085640.59923.931312754634,31.270522379166668,32.20835988888889,0.545773574335029,0.5621419267283861,,,,,,,,,,,,,,,,,
0132-169,1:32:43.487454,-16:54:48.521370,C,C,7.717886,2018-09-30 00:00:00+00:00,J0132-1654,11.10248333425261,D,https://data.nrao.edu/portal/#/productViewer/SE0229.sb35615505.eb35618725_000.58391.15663732639,23.181197724999993,-16.913478158333334,0.4045882248570689,-0.2951958818270634,,,,,,,,,,,,,,,,,
1246-075,12:46:04.232113,-7:30:46.574500,L,C L S X,11.849635,2020-07-03 00:00:00+00:00,J1246-0730,10.969166691647844,B,https://data.nrao.edu/portal/#/productViewer/SC1068.sb38427539.eb38434922.59032.994057986114,191.51763380416668,-7.512937361111111,-2.940572021668085,-0.131125493447483,,,,,,,,,,,,,,,,,
0539-286,5:39:54.281429,-28:39:55.947450,C,C,5.225502,2017-11-12 00:00:00+00:00,J0539-2839,10.969166649738328,B,https://data.nrao.edu/portal/#/productViewer/17B-078.sb34432825.eb34684994.58069.38455575232,84.97617262083332,-28.66554095833333,1.4831139979766006,-0.5003080715882073,,,,,,,,,,,,,,,,,
1130-148,11:30:07.052580,-14:49:27.388160,L,C L S X,10.426423,2018-11-21 00:00:00+00:00,J1130-1449,10.787499994039536,C,https://data.nrao.edu/portal/#/productViewer/18B-373.sb35864264.eb35923810.58443.637368275464,172.52938575,-14.82427448888889,3.0112058377808864,-0.2587323990505106,,,,,,,,,,,,,,,,,
0738+177,7:38:07.393747,+17:42:18.998270,L,L,4.038004,2024-05-27 00:00:00+00:00,J0738+1742,10.471666645025834,B,https://data.nrao.edu/portal/#/productViewer/24A-275.sb45390411.eb46131052.60457.815201087964,114.53080727916664,17.70527729722222,1.9989396819885463,0.3090153838151304,,,,,,,,,,,,,,,,,
1056+701,10:56:53.617492,+70:11:45.915850,C,X,3.664517,2021-11-02 00:00:00+00:00,J1056+7011,10.47083331621252,B,https://data.nrao.edu/portal/#/productViewer/21B-358.sb40926235.eb40941793.59520.526829814815,164.22340621666666,70.19608773611111,2.8662391473209574,1.2251528530139513,,,,,,,,,,,,,,,,,
1416+347,14:16:04.186239,+34:44:36.427560,L,L,4.351626,2024-08-09 00:00:00+00:00,J1416+3444,10.338333343388513,B,https://data.nrao.edu/portal/#/productViewer/24A-275.sb45388945.eb46328406.60531.836046157405,214.01744266249997,34.7434521,-2.5478762760207823,0.6063876326539381,,,,,,,,,,,,,,,,,
1635+381,16:35:15.492973,+38:08:04.500600,L,L,9.612098,2020-06-28 00:00:00+00:00,J1635+3808,10.18916666856967,B,https://data.nrao.edu/portal/#/productViewer/20A-251.sb38358730.eb38413180.59028.33456662037,248.8145540541666,38.1345835,-1.9405521120529736,0.665574040951703,,,,,,,,,,,,,,,,,
0323+055,3:23:20.261600,+5:34:11.890900,L,L,9.612122,2020-06-28 00:00:00+00:00,J0323+0534,10.18916665809229,B,https://data.nrao.edu/portal/#/productViewer/20A-251.sb38356988.eb38413552.59028.77487047453,50.834423333333326,5.569969694444445,0.8872280605192975,0.097214310404358,,,,,,,,,,,,,,,,,
1911-201,19:11:09.652893,-20:06:55.109070,L,L X,12.618045,2020-05-03 00:00:00+00:00,J1911-2006,10.175000036833808,C,https://data.nrao.edu/portal/#/productViewer/20A-439.sb38077345.eb38087032.58972.476460659724,287.79022038749997,-20.115308075,-1.2602984063776006,-0.3510783559617525,,,,,,,,,,,,,,,,,
1653+397,16:53:52.216688,+39:45:36.608900,X,C L S X,13.217687,2022-11-20 00:00:00+00:00,J1653+3945,10.13916666735895,C,https://data.nrao.edu/portal/#/productViewer/22B-003.sb42779900.eb43001766.59903.71639168981,253.46756953333332,39.76016913888889,-1.859341671795253,0.6939458626234497,,,,,,,,,,,,,,,,,
1224+035,12:24:52.421938,+3:30:50.292910,C,C,7.719005,2018-04-18 00:00:00+00:00,J1224+0330,10.13916666735895,A,https://data.nrao.edu/portal/#/productViewer/18A-207.sb35016952.eb35349698.58226.073421030094,186.21842474166664,3.513970252777778,-3.0330606675602327,0.0613303507281096,,,,,,,,,,,,,,,,,
1327+221,13:27:00.861311,+22:10:50.163060,L,L,4.027284,2024-05-02 00:00:00+00:00,J1327+2210,10.138333338545635,B,https://data.nrao.edu/portal/#/productViewer/24A-078.sb45367651.eb45804068.60432.45140842593,201.7535887958333,22.18060085,-2.7619209049775533,0.3871245149031529,,,,,,,,,,,,,,,,,
1159+292,11:59:31.833911,+29:14:43.826940,C,C,8.974261,2018-04-28 00:00:00+00:00,J1159+2914,10.138333307113498,A,https://data.nrao.edu/portal/#/productViewer/18A-207.sb35016800.eb35372470.58236.03935226852,179.8826412958333,29.245507483333338,3.1395443577962103,0.5104303970008074,,,,,,,,,,,,,,,,,
2218-035,22:18:52.037725,-3:35:36.879410,C,C,7.698647,2019-08-29 00:00:00+00:00,J2218-0335,10.005833313334731,A,https://data.nrao.edu/portal/#/productViewer/19A-143.sb36840056.eb37140247.58724.32270777778,334.71682385416665,-3.593577613888889,-0.441274669106482,-0.0627197612883226,,,,,,,,,,,,,,,,,
0650-166,6:50:24.581852,-16:37:39.725000,C,X,9.923628,2023-02-16 00:00:00+00:00,J0653-0625,9.972500003641471,B,https://data.nrao.edu/portal/#/productViewer/23A-002.sb43107497.eb43644877.59991.0422612963,102.60242438333331,-16.62770138888889,1.790750126017679,-0.2902081362745452,,,,,,,,,,,,,,,,,
0653-064,6:53:00.598700,-6:25:32.520000,X,X,9.923628,2023-02-16 00:00:00+00:00,J0653-0625,9.972500003641471,B,https://data.nrao.edu/portal/#/productViewer/23A-002.sb43107497.eb43644877.59991.0422612963,103.2524945833333,-6.4257,1.802095991376777,-0.1121496217453996,,,,,,,,,,,,,,,,,
1150+242,11:50:19.212173,+24:17:53.835030,C,C,7.361201,2018-12-27 00:00:00+00:00,J1150+2417,9.97248333413154,C,https://data.nrao.edu/portal/#/productViewer/18A-176.sb36078178.eb36085249.58479.359806875,177.58005072083333,24.298287508333335,3.099356570937071,0.4240851196166258,,,,,,,,,,,,,,,,,
0713+438,7:13:38.164129,+43:49:17.206980,L,L S,6.780064,2021-09-05 00:00:00+00:00,J0958+3224,9.971666674828157,C,https://data.nrao.edu/portal/#/productViewer/21A-334.sb39898070.eb40110130.59462.897265023144,108.40901720416666,43.82144638333334,1.892094289063886,0.764828522375328,,,,,,,,,,,,,,,,,
1048+717,10:48:27.619917,+71:43:35.938280,C,X,4.143998,2020-10-04 00:00:00+00:00,J1048+7143,9.93916669394821,B,https://data.nrao.edu/portal/#/productViewer/20B-419.sb38674992.eb38690358.59126.65823767361,162.1150829875,71.72664952222222,2.8294419652757203,1.2518661955867951,,,,,,,,,,,,,,,,,
1430+107,14:30:09.738791,+10:43:26.861970,C,C,7.037817,2019-08-28 00:00:00+00:00,J1430+1043,9.939166672993451,A,https://data.nrao.edu/portal/#/productViewer/19A-143.sb36881424.eb37136984.58723.09133768518,217.54057829583328,10.724128325,-2.4863859592247803,0.1871713486776345,,,,,,,,,,,,,,,,,
1313+675,13:13:27.984800,+67:35:50.376000,L,L,4.81744,2020-09-29 00:00:00+00:00,J1313+6735,9.939166662516072,B,https://data.nrao.edu/portal/#/productViewer/20B-419.sb38674664.eb38678588.59121.42539103009,198.3666033333333,67.59732666666666,-2.8210349530153613,1.1797959158794966,,,,,,,,,,,,,,,,,
1549+506,15:49:17.468534,+50:38:05.788200,L,L,6.728687,2020-07-19 00:00:00+00:00,J1549+5038,9.939166652038692,B,https://data.nrao.edu/portal/#/productViewer/20A-128.sb38351722.eb38515232.59049.15809359954,237.3227855583333,50.634941166666664,-2.141121309182221,0.8837464399119521,,,,,,,,,,,,,,,,,
1436+233,14:36:40.981113,+23:21:03.259730,C,C,5.826213,2022-12-26 00:00:00+00:00,J1436+2321,9.80666664778255,C,https://data.nrao.edu/portal/#/productViewer/22B-106.sb43062321.eb43163869.59939.65989912037,219.1707546375,23.350905480555557,-2.4579340146745805,0.4075501839576832,,,,,,,,,,,,,,,,,
2148+069,21:48:05.458679,+6:57:38.604220,L,L,3.081179,2017-02-11 00:00:00+00:00,J2148+0657,9.723316688323392,D,https://data.nrao.edu/portal/#/productViewer/17A-004.sb33239406.eb33496856.57795.69639670139,327.0227444958333,6.960723394444445,-0.5755616868191314,0.1214875415536515,,,,,,,,,,,,,,,,,
2241+098,22:41:49.717334,+9:53:52.445290,C,C,13.67318,2023-04-16 00:00:00+00:00,J2241+0953,9.722499987110496,B,https://data.nrao.edu/portal/#/productViewer/23A-038.sb43099659.eb43818554.60050.7977849537,340.45715555833334,9.897901469444443,-0.3410869807121561,0.1727509696797904,,,,,,,,,,,,,,,,,
2007+404,20:07:44.944851,+40:29:48.604140,L,C L S X,9.534482,2017-10-24 00:00:00+00:00,J2007+4029,9.705833337502554,B,https://data.nrao.edu/portal/#/productViewer/17B-076.sb34125356.eb34622110.58050.11496571759,301.9372702124999,40.49683448333334,-1.0133858074876638,0.7068030983693434,,,,,,,,,,,,,,,,,
0403+260,4:03:05.586048,+26:00:01.502740,L,L,7.054725,2022-06-06 00:00:00+00:00,J0403+2600,9.6408333547879,A,https://data.nrao.edu/portal/#/productViewer/22A-041.sb41834770.eb41839337.59736.590703229165,60.77327519999999,26.000417427777776,1.0606937494606152,0.4537928910076371,,,,,,,,,,,,,,,,,
1927+612,19:27:30.442628,+61:17:32.879210,L,C L,13.746653,2022-03-30 00:00:00+00:00,J1927+6117,9.640833323355764,A,https://data.nrao.edu/portal/#/productViewer/22A-423.sb41178301.eb41746986.59668.50978758102,291.8768442833333,61.29246644722222,-1.1889733641046314,1.069755346172179,,,,,,,,,,,,,,,,,
1436+636,14:36:45.802138,+63:36:37.866580,X,C K X,9.179246,2016-09-15 00:00:00+00:00,J1436+6336,9.639166676206514,B,https://data.nrao.edu/portal/#/productViewer/16B-318.sb32751362.eb32773290.57646.13711486111,219.19084224166664,63.61051849444445,-2.457583419843035,1.110212986628802,,,,,,,,,,,,,,,,,
0432+416,4:32:36.502609,+41:38:28.448550,L,S,7.863193,2024-03-16 00:00:00+00:00,J0432+4138,9.50750003219582,C,https://data.nrao.edu/portal/#/productViewer/24A-412.sb44879786.eb45307890.60385.01687361111,68.15209420416666,41.64123570833333,1.1894784359920527,0.7267766677094498,,,,,,,,,,,,,,,,,
0555+398,5:55:30.805608,+39:48:49.165000,L,C L,13.385614,2023-05-29 00:00:00+00:00,J0555+3948,9.474166691070424,B,https://data.nrao.edu/portal/#/productViewer/23A-010.sb43643732.eb44028001.60093.66670934028,88.8783567,39.81365694444444,1.551219958176962,0.6948794009400606,,,,,,,,,,,,,,,,,
0956+252,9:56:49.875361,+25:15:16.049770,L,L,4.351366,2024-06-19 00:00:00+00:00,J0956+2515,9.473333320347592,B,https://data.nrao.edu/portal/#/productViewer/24A-275.sb45389792.eb46170637.60480.04546540509,149.20781400416664,25.254458269444445,2.604167624076012,0.4407734476093148,,,,,,,,,,,,,,,,,
1305-105,13:05:33.015026,-10:33:19.428210,C,C,14.708489,2023-05-13 00:00:00+00:00,J1246-0730,9.457500010030344,B,https://data.nrao.edu/portal/#/productViewer/23A-038.sb43087243.eb43916394.60077.34792020833,196.3875626083333,-10.555396725,-2.855575729697667,-0.1842264267054764,,,,,,,,,,,,,,,,,
2040-251,20:40:08.772872,-25:07:46.662820,X,C X,10.19114,2020-08-08 00:00:00+00:00,J2040-2507,9.308333324734122,B,https://data.nrao.edu/portal/#/productViewer/20A-491.sb38193827.eb38565018.59069.2728993287,310.0365536333333,-25.12962856111111,-0.8720266447419317,-0.438594758194594,,,,,,,,,,,,,,,,,
1526-138,15:26:59.440733,-13:51:00.163560,L,L S,7.872439,2020-02-20 00:00:00+00:00,J1526-1351,9.22500000335276,C,https://data.nrao.edu/portal/#/productViewer/20A-365.sb37909790.eb37932011.58899.53130584491,231.74766972083333,-13.850045433333332,-2.2384254367266765,-0.2417288943624714,,,,,,,,,,,,,,,,,
2333+390,23:33:02.533406,+39:01:12.048840,L,L,11.088542,2024-12-10 00:00:00+00:00,J2333+3901,9.1591666394379,A,https://data.nrao.edu/portal/#/productViewer/24B-465.sb47270896.eb47375690.60654.926554687496,353.2605558583333,39.02001356666666,-0.117625490026327,0.6810277109111892,,,,,,,,,,,,,,,,,
0005+383,0:05:57.175409,+38:20:15.148570,C,C,9.222748,2024-11-29 00:00:00+00:00,J0005+3820,8.975833347067237,A,https://data.nrao.edu/portal/#/productViewer/24B-465.sb47226343.eb47329790.60643.9672167824,1.488230870833333,38.33754126944444,0.0259745287258641,0.6691163222710121,,,,,,,,,,,,,,,,,
0006-063,0:06:13.892894,-6:23:35.335300,C,C,7.234304,2018-11-29 00:00:00+00:00,J0006-0623,8.9758333156351,C,https://data.nrao.edu/portal/#/productViewer/18B-126.sb35791059.eb35954550.58451.07074417824,1.5578870583333333,-6.393148694444445,0.0271902585421256,-0.1115814942876324,,,,,,,,,,,,,,,,,
1419+064,14:19:08.180173,+6:28:34.803490,L,L,10.556105,2023-11-07 00:00:00+00:00,J1419+0628,8.975000007776543,D,https://data.nrao.edu/portal/#/productViewer/23B-079.sb44747441.eb44774577.60255.897367881946,214.78408405416664,6.4763343027777776,-2.5344958595541276,0.1130333570433235,,,,,,,,,,,,,,,,,
0405-131,4:05:34.003401,-13:08:13.691050,C,C,7.2344,2018-11-29 00:00:00+00:00,J0405-1308,8.974983327789232,C,https://data.nrao.edu/portal/#/productViewer/18B-126.sb35699350.eb35954556.58451.10570836806,61.39168083749998,-13.137136402777776,1.0714869639478846,-0.2292862845120761,,,,,,,,,,,,,,,,,
0854+201,8:54:48.874925,+20:06:30.640880,L,L S,5.693449,2021-07-23 00:00:00+00:00,J0854+2006,8.909166633384302,C,https://data.nrao.edu/portal/#/productViewer/21A-282.sb39997395.eb40006113.59418.744534259255,133.70364552083333,20.108511355555557,2.33356883625791,0.3509597308291126,,,,,,,,,,,,,,,,,
2011-067,20:11:14.215847,-6:44:03.555190,L,C S,6.393672,2018-10-14 00:00:00+00:00,J2011-0644,8.892149976454675,D,https://data.nrao.edu/portal/#/productViewer/18A-354.sb35368510.eb35642950.58405.96301342592,302.80923269583326,-6.734320886111111,-0.9981671911996308,-0.1175360723484609,,,,,,,,,,,,,,,,,
1510-057,15:10:53.591431,-5:43:07.417180,L,L,5.084151,2018-10-11 00:00:00+00:00,J1510-0543,8.891666696872562,D,https://data.nrao.edu/portal/#/productViewer/18A-146.sb35429203.eb35638628.58402.8158630324,227.72329762916664,-5.718726994444444,-2.3086639800516315,-0.099810615075735,,,,,,,,,,,,,,,,,
0842+185,8:42:05.094180,+18:35:40.990610,L,L,3.619228,2017-03-28 00:00:00+00:00,J0842+1835,8.891666665440425,D,https://data.nrao.edu/portal/#/productViewer/17A-210.sb33373278.eb33635071.57840.98806701389,130.52122575,18.594719613888888,2.278025133076305,0.3245390807475298,,,,,,,,,,,,,,,,,
0832+492,8:32:23.216688,+49:13:21.038230,L,C S,9.003364,2019-01-14 00:00:00+00:00,J0832+4913,8.726666690781713,C,https://data.nrao.edu/portal/#/productViewer/18B-229.sb35968744.eb36111170.58497.14639959491,128.09673619999998,49.22251061944445,2.2357098077486093,0.8590948764071792,,,,,,,,,,,,,,,,,
2202+422,22:02:43.291377,+42:16:39.979940,L,S,7.679978,2022-10-03 00:00:00+00:00,J2202+4216,8.642500009154901,C,https://data.nrao.edu/portal/#/productViewer/22B-042.sb42593172.eb42827502.59855.00716311343,330.68038073749995,42.27777220555556,-0.5117238915617776,0.7378863253950894,,,,,,,,,,,,,,,,,
1407+284,14:07:00.394410,+28:27:14.689980,L,C KU S,1.621999,2019-11-19 00:00:00+00:00,J1125+2610,8.476666695205495,D,https://data.nrao.edu/portal/#/productViewer/18B-316.sb37532172.eb37535740.58806.7596740625,211.751643375,28.45408055,-2.587421933776999,0.496617391225179,,,,,,,,,,,,,,,,,
1125+261,11:25:53.711925,+26:10:19.978680,L,C KU S,2.0351,2019-08-21 00:00:00+00:00,J1125+2610,8.476666695205495,A,https://data.nrao.edu/portal/#/productViewer/18B-316.sb37052836.eb37095238.58716.01991565972,171.47379968749996,26.1722163,2.9927823854520983,0.456791346979128,,,,,,,,,,,,,,,,,
1513-102,15:13:44.893444,-10:12:00.264350,C,C,5.680477,2018-11-27 00:00:00+00:00,J1513-1012,8.476666684728116,C,https://data.nrao.edu/portal/#/productViewer/18B-126.sb35699778.eb35943023.58449.65066706018,228.43705601666665,-10.200073430555555,-2.296206546126031,-0.1780248653083876,,,,,,,,,,,,,,,,,
0841+708,8:41:24.365281,+70:53:42.173090,L,L,7.965089,2017-06-25 00:00:00+00:00,J0841+7053,8.476666674250737,C,https://data.nrao.edu/portal/#/productViewer/17A-025.sb33762282.eb33979452.57928.97739612269,130.35152200416664,70.89504808055557,2.2750632439585456,1.2373520123653807,,,,,,,,,,,,,,,,,
1432-180,14:32:57.690643,-18:01:35.248850,X,X,10.779009,2023-03-17 00:00:00+00:00,J1432-1801,8.476666653295979,B,https://data.nrao.edu/portal/#/productViewer/23A-002.sb43350173.eb43723581.60020.40279486111,218.24037767916664,-18.026458013888888,-2.4741721558821874,-0.3146210448148788,,,,,,,,,,,,,,,,,
1352-442,13:52:56.534916,-44:12:40.387480,X,X,14.484013,2023-01-25 00:00:00+00:00,J1432-1801,8.4766666428186,B,https://data.nrao.edu/portal/#/productViewer/23A-002.sb43076227.eb43523479.59969.52863261574,208.23556215,-44.21121874444445,-2.6487891279208045,-0.771631333409989,,,,,,,,,,,,,,,,,
1822-096,18:22:28.704200,-9:38:56.835000,L,S,7.384019,2021-03-22 00:00:00+00:00,J1822-0938,8.476666632341221,D,https://data.nrao.edu/portal/#/productViewer/21A-111.sb39309310.eb39520049.59295.61026173611,275.6196008333333,-9.649120833333331,-1.472715789605413,-0.1684089284644457,,,,,,,,,,,,,,,,,
0149+059,1:49:22.370886,+5:55:53.568660,C,C,7.161463,2018-12-07 00:00:00+00:00,J0149+0555,8.475833345437422,C,https://data.nrao.edu/portal/#/productViewer/18B-126.sb35791518.eb35982876.58459.054627314814,27.343212024999996,5.93154685,0.477229077907156,0.1035250222687982,,,,,,,,,,,,,,,,,
1051+213,10:51:48.789073,+21:19:52.314110,C,C K X,1.429079,2019-11-19 00:00:00+00:00,J1125+2610,8.475833314005286,D,https://data.nrao.edu/portal/#/productViewer/18B-316.sb37532172.eb37535740_000.58806.759674016204,162.95328780416662,21.331198363888888,2.8440713991326283,0.3722996448458885,,,,,,,,,,,,,,,,,
2255+132,22:55:03.729000,+13:13:33.010000,L,L,4.220555,2017-04-14 00:00:00+00:00,J2255+1313,8.394166639773175,D,https://data.nrao.edu/portal/#/productViewer/17A-210.sb33375334.eb33649843.57857.84621354166,343.7655375,13.22583611111111,-0.28334482291655,0.2308343864680514,,,,,,,,,,,,,,,,,
1448-163,14:48:15.054162,-16:20:24.548880,L,C S,7.957122,2022-10-25 00:00:00+00:00,J1448-1620,8.310833339346573,C,https://data.nrao.edu/portal/#/productViewer/22B-114.sb42825509.eb42953206.59877.74354417824,222.06272567499997,-16.340152466666666,-2.4074595981978892,-0.2851894608212063,,,,,,,,,,,,,,,,,
2035+189,20:35:33.980400,+18:57:05.351000,L,C S X,11.457333,2019-06-19 00:00:00+00:00,J2049+1003,8.31000000005588,B,https://data.nrao.edu/portal/#/productViewer/19A-395.sb36787108.eb36788272.58653.331291678245,308.89158499999996,18.95148638888889,-0.8920101172256584,0.3307658356330016,,,,,,,,,,,,,,,,,
1016+206,10:16:44.322063,+20:37:47.305260,C,C,10.925944,2017-09-02 00:00:00+00:00,J1016+2037,8.227500007487833,B,https://data.nrao.edu/portal/#/productViewer/17B-197.sb34262644.eb34312841.57998.74707189815,154.1846752625,20.629807016666668,2.6910302394488776,0.360058056491862,,,,,,,,,,,,,,,,,
0948+406,9:48:55.338145,+40:39:44.587190,C,C,9.967631,2017-11-03 00:00:00+00:00,J0948+4039,8.227499997010455,B,https://data.nrao.edu/portal/#/productViewer/17B-197.sb34259165.eb34650071.58060.77420858796,147.23057560416666,40.66238533055555,2.5696583038991476,0.7096925057328372,,,,,,,,,,,,,,,,,
0954+177,9:54:56.823626,+17:43:31.222420,L,L,14.988995,2018-04-07 00:00:00+00:00,J0954+1743,8.144183376571164,A,https://data.nrao.edu/portal/#/productViewer/18A-127.sb35164343.eb35282302.58215.130260729165,148.73676510833332,17.72533956111111,2.595946269905837,0.3093655363753955,,,,,,,,,,,,,,,,,
1309+119,13:09:33.932431,+11:54:24.552420,C,C,5.164389,2017-04-08 00:00:00+00:00,J1309+1154,7.979166690493003,D,https://data.nrao.edu/portal/#/productViewer/17A-346.sb33618804.eb33643361_001.57851.16843053241,197.39138512916665,11.906820116666667,-2.838055721603456,0.2078132144785287,,,,,,,,,,,,,,,,,
0042+233,0:42:04.545183,+23:20:01.061290,L,L,8.93382,2017-11-04 00:00:00+00:00,0042+233,7.979166659060866,B,https://data.nrao.edu/portal/#/productViewer/17B-074.sb34053427.eb34661399.58061.40609163194,10.5189382625,23.33362813611111,0.1835901064946365,0.4072486374111264,,,,,,,,,,,,,,,,,
1156+314,11:56:18.732100,+31:28:04.305000,L,L,9.646724,2023-11-12 00:00:00+00:00,J1156+3128,7.978333330247551,D,https://data.nrao.edu/portal/#/productViewer/23B-079.sb44690973.eb44797274.60260.84528259259,179.07805041666666,31.4678625,3.125501597823237,0.5492178091898541,,,,,,,,,,,,,,,,,
1557-000,15:57:51.433973,-0:01:50.413710,L,S X,3.490686,2020-02-06 00:00:00+00:00,J1557-0001,7.978316660737619,C,https://data.nrao.edu/portal/#/productViewer/20A-223.sb37736051.eb37883217.58885.55151452546,239.4643082208333,-0.030670475,-2.103744687715521,-0.0005353007719006,,,,,,,,,,,,,,,,,
0119+321,1:19:35.000447,+32:10:50.054290,L,S,12.615356,2024-08-18 00:00:00+00:00,J0119+3210,7.977500011911616,B,https://data.nrao.edu/portal/#/productViewer/24A-478.sb46137593.eb46351813.60540.28640730324,19.89583519583333,32.180570636111106,0.3472478316014624,0.5616569127707448,,,,,,,,,,,,,,,,,
0201-115,2:01:57.164700,-11:32:33.133000,L,L,4.164818,2019-12-15 00:00:00+00:00,J0201-1132,7.977499990956858,D,https://data.nrao.edu/portal/#/productViewer/19B-204.sb37534696.eb37595545.58832.16749317129,30.48818625,-11.542536944444445,0.532119233023763,-0.2014552737136413,,,,,,,,,,,,,,,,,
2330+110,23:30:40.852257,+11:00:18.709840,L,L,8.948914,2017-09-25 00:00:00+00:00,2330+110,7.977483321446925,B,https://data.nrao.edu/portal/#/productViewer/17B-074.sb34091604.eb34498111.58021.13048049768,352.67021773749997,11.005197177777776,-0.1279288339349048,0.1920769255834099,,,,,,,,,,,,,,,,,
1013+248,10:13:53.428737,+24:49:16.441100,C,C X,7.290859,2023-11-10 00:00:00+00:00,J1013+2449_X,7.910833319183439,D,https://data.nrao.edu/portal/#/productViewer/23B-010.sb44639066.eb44793969.60258.44113553241,153.4726197375,24.821233638888888,2.6786025260806103,0.4332122514053843,,,,,,,,,,,,,,,,,
2316+040,23:16:35.209800,+4:05:18.148000,L,L,5.982415,2018-10-02 00:00:00+00:00,J2316+0405,7.89666666649282,D,https://data.nrao.edu/portal/#/productViewer/18A-146.sb35425333.eb35624056.58393.24443209491,349.1467075,4.088374444444444,-0.1894256888070068,0.0713555951099495,,,,,,,,,,,,,,,,,
1248-199,12:48:23.898197,-19:59:18.587620,L,S,6.77643,2023-05-21 00:00:00+00:00,J1248-1959,7.89498332887888,B,https://data.nrao.edu/portal/#/productViewer/23A-383.sb43774043.eb43985460.60085.22784847222,192.09957582083337,-19.988496561111113,-2.930415217421556,-0.3488650775149529,,,,,,,,,,,,,,,,,
1119-030,11:19:25.300000,-3:02:51.320000,L,L,4.747018,2018-10-15 00:00:00+00:00,J1119-0302,7.894183318130672,D,https://data.nrao.edu/portal/#/productViewer/18A-146.sb35436224.eb35644134.58406.598292361115,169.85541666666663,-3.047588888888889,2.9645362731801845,-0.0531904603583067,,,,,,,,,,,,,,,,,
1411+522,14:11:20.647700,+52:12:09.141000,L,L,4.747018,2018-10-15 00:00:00+00:00,J1119-0302,7.894183318130672,D,https://data.nrao.edu/portal/#/productViewer/18A-146.sb35436224.eb35644134.58406.598292361115,212.8360320833333,52.20253916666667,-2.5684957804451343,0.9111061863596304,,,,,,,,,,,,,,,,,
0741+312,7:41:10.703308,+31:12:00.228620,L,L,3.90857,2017-04-22 00:00:00+00:00,J0741+3112,7.89416664862074,D,https://data.nrao.edu/portal/#/productViewer/17A-210.sb33373364.eb33655334.57865.82736850694,115.29459711666664,31.200063505555555,2.012270329446194,0.5445438350032685,,,,,,,,,,,,,,,,,
0329+279,3:29:57.669413,+27:56:15.499140,L,L,4.756409,2018-09-20 00:00:00+00:00,J0329+2756,7.89416664862074,D,https://data.nrao.edu/portal/#/productViewer/18A-146.sb35428989.eb35613105.58381.37726202546,52.49028922083333,27.93763865,0.9161283722276304,0.4876037796749237,,,,,,,,,,,,,,,,,
1258-223,12:58:54.478780,-22:19:31.125450,C,C S,12.671322,2018-05-01 00:00:00+00:00,J1258-2219,7.8133333451114595,A,https://data.nrao.edu/portal/#/productViewer/17B-425.sb35376461.eb35378532.58239.269184363424,194.72699491666663,-22.325312625,-2.8845581033694923,-0.3896502118433081,,,,,,,,,,,,,,,,,
1349+536,13:49:34.656623,+53:41:17.040280,C,C X,7.832663,2022-08-06 00:00:00+00:00,J1349+5341,7.730000044684857,D,https://data.nrao.edu/portal/#/productViewer/22A-091.sb42184915.eb42479726.59797.00836903935,207.3944025958333,53.68806674444444,-2.663470131675621,0.9370335337210286,,,,,,,,,,,,,,,,,
1409-269,14:09:50.169776,-26:57:36.979720,X,C X,13.643795,2020-05-27 00:00:00+00:00,J1409-2657,7.561666681431234,C,https://data.nrao.edu/portal/#/productViewer/20A-492.sb38163369.eb38220937.58996.18955887732,212.4590407333333,-26.96027214444444,-2.575075520754172,-0.4705455161542677,,,,,,,,,,,,,,,,,
1024-008,10:24:29.586611,-0:52:55.497850,L,L,3.770696,2016-12-06 00:00:00+00:00,J1024-0052,7.480833336012438,A,https://data.nrao.edu/portal/#/productViewer/16B-370.sb33055227.eb33063422.57728.430986666666,156.12327754583333,-0.8820827361111111,2.724865232179724,-0.0153952480201391,,,,,,,,,,,,,,,,,
1727+455,17:27:27.650808,+45:30:39.731390,L,L,13.647988,2018-01-28 00:00:00+00:00,J1727+4530,7.479999996721744,B,https://data.nrao.edu/portal/#/productViewer/17B-264.sb34427032.eb34961501.58146.86166513889,261.8652117,45.51103649722222,-1.7127751665826092,0.7943174328718349,,,,,,,,,,,,,,,,,
1209-322,12:09:40.056300,-32:14:52.837000,X,X,11.723888,2023-04-30 00:00:00+00:00,J1209-3214,7.479999996721744,B,https://data.nrao.edu/portal/#/productViewer/23A-002.sb43071043.eb43832931.60064.11118541667,182.41690125,-32.24801027777778,-3.099409769081727,-0.5628339565641934,,,,,,,,,,,,,,,,,
1505+034,15:05:06.477161,+3:26:30.812610,C,C,6.534339,2021-05-28 00:00:00+00:00,J1505+0326,7.479166709817946,D,https://data.nrao.edu/portal/#/productViewer/20B-149.sb39717753.eb39723176.59362.25407098379,226.2769881708333,3.441892391666667,-2.3339068421022837,0.0600723547339255,,,,,,,,,,,,,,,,,
1147-074,11:47:51.554036,-7:24:41.141090,L,S,12.409582,2021-10-25 00:00:00+00:00,J1147-0724,7.479166678385809,B,https://data.nrao.edu/portal/#/productViewer/21B-235.sb40165882.eb40887135.59512.642343576386,176.96480848333331,-7.411428080555556,3.088618568195359,-0.1293538222804579,,,,,,,,,,,,,,,,,
2130+050,21:30:32.877499,+5:02:17.474690,L,L,4.594375,2018-01-14 00:00:00+00:00,J2130+0502,7.479166657431051,B,https://data.nrao.edu/portal/#/productViewer/17B-130.sb34053560.eb34825756.58132.835104004625,322.6369895791666,5.038187413888889,-0.652107550300495,0.0879329587048994,,,,,,,,,,,,,,,,,
1347+122,13:47:33.361645,+12:17:24.238900,L,L,4.214578,2017-05-14 00:00:00+00:00,J1347+1217,7.396666706772521,D,https://data.nrao.edu/portal/#/productViewer/17A-210.sb33328551.eb33758328.57887.20416579861,206.88900685416667,12.29006636111111,-2.6722909513932622,0.2145021232899872,,,,,,,,,,,,,,,,,
0416-188,4:16:36.544466,-18:51:08.340120,L,C S,7.984133,2022-12-12 00:00:00+00:00,J0416-1851,7.396666675340384,C,https://data.nrao.edu/portal/#/productViewer/22B-114.sb42825409.eb43086512.59925.16648372685,64.15226860833333,-18.852316700000003,1.1196683098392173,-0.3290349980437121,,,,,,,,,,,,,,,,,
1753+288,17:53:42.473634,+28:48:04.939080,L,L S,12.649019,2022-03-29 00:00:00+00:00,J1740+5211,7.379166655009612,A,https://data.nrao.edu/portal/#/productViewer/22A-314.sb41472246.eb41745690.59667.72629252315,268.42697347499995,28.801371966666668,-1.5982508188773523,0.5026787699099279,,,,,,,,,,,,,,,,,
1625+415,16:25:57.669700,+41:34:40.629220,C,C L,7.556757,2020-06-25 00:00:00+00:00,J1625+4134,7.146666700718924,B,https://data.nrao.edu/portal/#/productViewer/20A-317.sb38300607.eb38375026.59025.12802957176,246.49029041666668,41.57795256111111,-1.9811181652117271,0.7256721684293977,,,,,,,,,,,,,,,,,
2236+284,22:36:22.470860,+28:28:57.413290,L,S,4.120915,2022-05-26 00:00:00+00:00,J2236+2828,7.114166667452082,A,https://data.nrao.edu/portal/#/productViewer/22A-141.sb41176971.eb41822011.59725.43640582176,339.0936285833333,28.482614802777775,-0.3648850158656647,0.4971154078857475,,,,,,,,,,,,,,,,,
1617+027,16:17:49.908132,+2:46:43.105200,X,C X,14.053013,2020-07-01 00:00:00+00:00,J1617+0246,6.981666652718559,B,https://data.nrao.edu/portal/#/productViewer/20A-292.sb38368147.eb38424371.59031.11037740741,244.45795055,2.778640333333333,-2.0165891874046036,0.0484964225453794,,,,,,,,,,,,,,,,,
0805+617,8:05:18.185100,+61:44:23.658000,X,X,10.016259,2023-02-16 00:00:00+00:00,J0805+6144,6.980833355337381,B,https://data.nrao.edu/portal/#/productViewer/23A-002.sb43068284.eb43644881.59991.11483381945,121.32577125,61.739905,2.1175341758339763,1.0775646221185096,,,,,,,,,,,,,,,,,
1445+099,14:45:16.465213,+9:58:36.072440,L,L,3.590398,2017-02-21 00:00:00+00:00,J1445+0958,6.980833344860002,D,https://data.nrao.edu/portal/#/productViewer/17A-004.sb33239358.eb33548001.57805.655359861106,221.31860505416665,9.97668678888889,-2.4204469530634154,0.1741260329063315,,,,,,,,,,,,,,,,,
1439-169,14:39:28.674900,-16:59:03.082000,L,L,6.40847,2017-05-06 00:00:00+00:00,J1150-0023,6.9808333239052445,D,https://data.nrao.edu/portal/#/productViewer/17A-025.sb33376400.eb33715217.57879.24747811342,219.86947875,-16.984189444444446,-2.4457389783483805,-0.2964300265880221,,,,,,,,,,,,,,,,,
0416-209,4:16:04.359742,-20:56:27.517790,L,L,8.548473,2017-03-04 00:00:00+00:00,J0240-2309,6.9808333239052445,D,https://data.nrao.edu/portal/#/productViewer/17A-025.sb33362373.eb33589933.57816.935698333335,64.01816559166666,-20.94097716388889,1.117327770661527,-0.3654890000948053,,,,,,,,,,,,,,,,,
0240-231,2:40:08.174510,-23:09:15.730850,L,L,8.548473,2017-03-04 00:00:00+00:00,J0240-2309,6.9808333239052445,D,https://data.nrao.edu/portal/#/productViewer/17A-025.sb33362373.eb33589933.57816.935698333335,40.03406045833333,-23.15436968055555,0.6987261679403868,-0.4041199871496421,,,,,,,,,,,,,,,,,
1111+199,11:11:20.065806,+19:55:36.001090,L,L,6.436425,2019-09-06 00:00:00+00:00,J1111+1955,6.980000016046688,A,https://data.nrao.edu/portal/#/productViewer/19A-017.sb37095933.eb37200863.58732.74825429398,167.833607525,19.926666969444447,2.929249046811181,0.3477859475652059,,,,,,,,,,,,,,,,,
2139+143,21:39:01.309267,+14:23:35.991990,L,S,3.960965,2017-02-25 00:00:00+00:00,J2139+143,6.979999974137172,D,https://data.nrao.edu/portal/#/productViewer/17A-167.sb33475643.eb33560335.57809.78770505787,324.75545527916665,14.393331108333332,-0.6151333487449276,0.2512110181701413,,,,,,,,,,,,,,,,,
1227+365,12:27:58.725446,+36:35:11.827350,L,S X,3.607307,2023-10-24 00:00:00+00:00,J1227+3635_S,6.930833322694525,D,https://data.nrao.edu/portal/#/productViewer/23B-010.sb44612948.eb44735077.60241.5411727662,186.9946893583333,36.58661870833333,-3.019512294132668,0.6385569586321715,,,,,,,,,,,,,,,,,
1602+334,16:02:07.263468,+33:26:53.072670,L,L,5.551234,2018-10-05 00:00:00+00:00,J1602+3326,6.897500002523884,D,https://data.nrao.edu/portal/#/productViewer/18A-146.sb35431248.eb35631616.58396.82489137731,240.53026445,33.44807574166666,-2.0851402418344187,0.5837790501485276,,,,,,,,,,,,,,,,,
1833-210,18:33:39.915000,-21:03:40.050000,L,C L,12.852601,2017-07-09 00:00:00+00:00,J1820-2528,6.731666699051857,C,https://data.nrao.edu/portal/#/productViewer/17A-335.sb33997221.eb34000349.57943.26858418982,278.41631249999995,-21.061125,-1.4239039627931422,-0.3675859754240907,,,,,,,,,,,,,,,,,
0925+003,9:25:07.815028,+0:19:13.933410,L,S,4.70784,2024-12-01 00:00:00+00:00,J0925+0019,6.482500032288954,A,https://data.nrao.edu/portal/#/productViewer/24B-293.sb46714680.eb47329832.60645.32566133102,141.28256261666664,0.3205370583333333,2.465845893315888,0.0055944270425737,,,,,,,,,,,,,,,,,
1513+236,15:13:40.185630,+23:38:35.200460,L,S,5.83163,2024-12-21 00:00:00+00:00,J1513+2338,6.481666672043502,A,https://data.nrao.edu/portal/#/productViewer/24B-293.sb46742521.eb47431052.60665.65334321759,228.41744012499996,23.64311123888889,-2.2965489080213293,0.4126501365338867,,,,,,,,,,,,,,,,,
0818+423,8:18:15.999602,+42:22:45.414940,L,L,10.718852,2016-10-28 00:00:00+00:00,J0818+4222,6.481666661566123,A,https://data.nrao.edu/portal/#/productViewer/16B-238.sb32718143.eb32972456.57689.317474270836,124.56666500833332,42.379281927777775,2.1740984426242265,0.739658004270652,,,,,,,,,,,,,,,,,
1739+476,17:39:57.129066,+47:37:58.361210,L,C L,12.136055,2019-06-23 00:00:00+00:00,J1739+4737,6.481666661566123,B,https://data.nrao.edu/portal/#/productViewer/19A-425.sb36340822.eb36807423.58657.96280179398,264.98803777499995,47.63287811388889,-1.6582715696067285,0.8313505552885078,,,,,,,,,,,,,,,,,
0825+031,8:25:50.338355,+3:09:24.520140,L,L,9.930928,2018-03-05 00:00:00+00:00,J0825+0309,6.39834996778518,A,https://data.nrao.edu/portal/#/productViewer/18A-127.sb35164053.eb35195443.58182.21449738426,126.45974314583331,3.15681115,2.207138889121123,0.0550967484311685,,,,,,,,,,,,,,,,,
1209-241,12:09:02.445128,-24:06:20.759560,X,X,11.503304,2023-04-28 00:00:00+00:00,J1209-2406,6.316666634520516,B,https://data.nrao.edu/portal/#/productViewer/23A-389.sb43721899.eb43832395.60062.28262629629,182.26018803333332,-24.10576654444445,-3.1021449306939513,-0.4207249949176516,,,,,,,,,,,,,,,,,
1609+266,16:09:13.320753,+26:41:29.036380,L,L,2.112113,2020-02-22 00:00:00+00:00,J1609+2641,6.315833326661959,C,https://data.nrao.edu/portal/#/productViewer/20A-410.sb37925703.eb37936285.58901.443956689815,242.30550313749995,26.691398994444445,-2.0541564817287616,0.4658527944165592,,,,,,,,,,,,,,,,,
2101-295,21:01:01.659969,-29:33:27.836500,X,L X,14.752729,2017-08-20 00:00:00+00:00,J2101-2933,6.232499973848462,C,https://data.nrao.edu/portal/#/productViewer/17B-384.sb34139532.eb34155785.57985.22066895833,315.2569165375,-29.55773236111111,-0.78091412391525,-0.5158797491246664,,,,,,,,,,,,,,,,,
0116-116,1:16:12.521963,-11:36:15.434050,C,C,13.995453,2023-09-15 00:00:00+00:00,J0116-1136,6.083333319984376,A,https://data.nrao.edu/portal/#/productViewer/23A-188.sb44223980.eb44533737.60202.30663789352,19.052174845833328,-11.60428723611111,0.3325231807254346,-0.2025330196172915,,,,,,,,,,,,,,,,,
2357-114,23:57:31.197570,-11:25:39.176340,L,S,5.940026,2016-09-03 00:00:00+00:00,J2357-1125cal,5.984166688285768,B,https://data.nrao.edu/portal/#/productViewer/16A-202.sb32518651.eb32682159.57634.27692040509,359.379989875,-11.427548983333333,-0.0108212180769519,-0.1994483551920972,,,,,,,,,,,,,,,,,
2333-237,23:33:55.237807,-23:43:40.657990,L,S,5.927942,2016-09-03 00:00:00+00:00,J2333-2343cal,5.984166688285768,B,https://data.nrao.edu/portal/#/productViewer/16A-202.sb32459232.eb32682158.57634.25960453704,353.48015752916666,-23.727960552777777,-0.1137927178274041,-0.4141310364293059,,,,,,,,,,,,,,,,,
0609-157,6:09:40.949538,-15:42:40.672640,L,C S X,12.700298,2019-01-24 00:00:00+00:00,J0609-1542,5.98416666733101,C,https://data.nrao.edu/portal/#/productViewer/18B-294.sb36143931.eb36160007.58507.10122333333,92.420623075,-15.711297955555557,1.613044169403396,-0.2742138790862981,,,,,,,,,,,,,,,,,
0145-275,1:45:03.394589,-27:33:34.328870,L,S,5.951986,2016-09-05 00:00:00+00:00,J0145-2733cal,5.98416666733101,B,https://data.nrao.edu/portal/#/productViewer/16A-202.sb32459446.eb32695956.57636.45354387732,26.26414412083333,-27.559535797222225,0.458395790126853,-0.4810046399827681,,,,,,,,,,,,,,,,,
1221+282,12:21:31.690515,+28:13:58.500260,L,L,9.088467,2019-11-19 00:00:00+00:00,J1221+2813,5.984166656853631,D,https://data.nrao.edu/portal/#/productViewer/19B-183.sb37499964.eb37535760.58806.78079791667,185.38204381249997,28.23291673888889,-3.04765826857508,0.4927573545350312,,,,,,,,,,,,,,,,,
0242-215,2:42:35.909850,-21:32:25.935070,L,S,14.246091,2019-10-04 00:00:00+00:00,J0609-1542,5.984166656853631,A,https://data.nrao.edu/portal/#/productViewer/19A-336.sb36901201.eb37327007.58760.427636249995,40.649624374999995,-21.540537519444445,0.7094697850426921,-0.3759533023636776,,,,,,,,,,,,,,,,,
1613+342,16:13:41.064249,+34:12:47.909090,L,S,5.160309,2024-03-24 00:00:00+00:00,J1613+3412,5.983333338517696,C,https://data.nrao.edu/portal/#/productViewer/24A-363.sb45136551.eb45321744.60393.596757928244,243.4211010374999,34.21330808055556,-2.0346856252454275,0.5971348740048757,,,,,,,,,,,,,,,,,
1112-219,11:12:49.848703,-21:58:29.351860,L,L S,12.488127,2019-10-15 00:00:00+00:00,J1112-2158,5.983333328040317,A,https://data.nrao.edu/portal/#/productViewer/19A-380.sb37144062.eb37369838.58771.75039190972,168.20770292916663,-21.97481996111111,2.935778243330468,-0.3835329608543611,,,,,,,,,,,,,,,,,
2110-103,21:10:00.979002,-10:20:57.319410,L,L,8.256058,2019-05-22 00:00:00+00:00,J2110-1020,5.983333328040317,B,https://data.nrao.edu/portal/#/productViewer/19A-422.sb36668888.eb36677553.58625.529400162035,317.504079175,-10.349255391666668,-0.7416937370630747,-0.1806285817143586,,,,,,,,,,,,,,,,,
1500+478,15:00:48.654199,+47:51:15.538260,X,X,9.103435,2023-04-11 00:00:00+00:00,J1500+4751,5.983333328040317,B,https://data.nrao.edu/portal/#/productViewer/23A-002.sb43137511.eb43796986.60045.49829405092,225.20272582916664,47.85431618333333,-2.3526562569945515,0.8352153786895731,,,,,,,,,,,,,,,,,
2246-121,22:46:18.231976,-12:06:51.277340,L,S,5.927942,2016-09-04 00:00:00+00:00,J2246-1206cal,5.983333328040317,B,https://data.nrao.edu/portal/#/productViewer/16A-202.sb32483069.eb32684693.57635.24814601852,341.57596656666664,-12.114243705555555,-0.3215600449091824,-0.2114334390509429,,,,,,,,,,,,,,,,,
1743-038,17:43:58.856137,-3:50:04.616680,L,S,9.596936,2024-12-24 00:00:00+00:00,J1743-0350,5.983333307085559,A,https://data.nrao.edu/portal/#/productViewer/24B-440.sb47424476.eb47434115.60668.87390372685,265.99523390416664,-3.8346157444444446,-1.6406926809394276,-0.066926670289369,,,,,,,,,,,,,,,,,
1415+133,14:15:58.817499,+13:20:23.712600,L,L,8.023927,2018-04-26 00:00:00+00:00,J1415+1320,5.900833335472271,A,https://data.nrao.edu/portal/#/productViewer/18A-316.sb35193481.eb35370801.58234.286988657404,213.9950729125,13.339920166666667,-2.5482667018111305,0.232825528861524,,,,,,,,,,,,,,,,,
2358-103,23:58:10.882409,-10:20:08.611260,C,C L S X,6.720223,2020-09-01 00:00:00+00:00,J2358-1020,5.735000011045486,B,https://data.nrao.edu/portal/#/productViewer/20B-406.sb38614301.eb38627579.59093.27090224537,359.5453433708332,-10.33572535,-0.0079352551449791,-0.1803924379393433,,,,,,,,,,,,,,,,,
1924-292,19:24:51.055957,-29:14:30.121150,L,C L,11.980252,2019-10-09 00:00:00+00:00,J1924-2914,5.734166671754792,A,https://data.nrao.edu/portal/#/productViewer/19A-323.sb37337663.eb37339361.58765.09057570602,291.2127331541666,-29.241700319444444,-1.2005642899077278,-0.5103639494557832,,,,,,,,,,,,,,,,,
0204+152,2:04:50.413904,+15:14:11.043460,L,C S,5.513145,2018-12-09 00:00:00+00:00,J0204+1514,5.734166661277413,C,https://data.nrao.edu/portal/#/productViewer/18B-229.sb35833323.eb35988722.58461.272431261576,31.210057933333335,15.23640096111111,0.5447182706748436,0.2659253629254174,,,,,,,,,,,,,,,,,
1640+123,16:40:47.938850,+12:20:02.078870,L,C S,10.561277,2019-11-16 00:00:00+00:00,J1640+1220,5.56833331589587,D,https://data.nrao.edu/portal/#/productViewer/19B-252.sb37264435.eb37528258.58803.66188017361,250.19974520833333,12.333910797222222,-1.916375965643264,0.2152673530588064,,,,,,,,,,,,,,,,,
0203+115,2:03:46.657061,+11:34:45.409620,L,L,8.757643,2018-03-22 00:00:00+00:00,J0203+1134,5.56748334900476,A,https://data.nrao.edu/portal/#/productViewer/18A-316.sb35148782.eb35243126.58199.830930428245,30.94440442083333,11.57928045,0.5400817422122305,0.2020965688643106,,,,,,,,,,,,,,,,,
0834+555,8:34:54.904117,+55:34:21.070980,L,C S,5.523559,2019-01-10 00:00:00+00:00,J0834+5534,5.485000004991889,C,https://data.nrao.edu/portal/#/productViewer/18B-229.sb35974040.eb36109056.58493.30257681713,128.72876715416666,55.57251971666667,2.2467408288733393,0.9699234426852996,,,,,,,,,,,,,,,,,
0059+001,0:59:05.514924,+0:06:51.621710,L,S,5.952183,2016-09-05 00:00:00+00:00,J0059+0006cal,5.484999984037131,B,https://data.nrao.edu/portal/#/productViewer/16A-202.sb32519227.eb32695245.57636.25041059028,14.772978849999998,0.1143393638888888,0.2578371212599855,0.001995598364497,,,,,,,,,,,,,,,,,
2134-018,21:34:10.309614,-1:53:17.238900,L,C L S,11.517164,2024-12-03 00:00:00+00:00,J2134-0153,5.484166655223817,A,https://data.nrao.edu/portal/#/productViewer/24B-301.sb46881603.eb47342705.60647.98770333333,323.54295672499995,-1.8881219166666667,-0.6362954406908073,-0.0329539441248993,,,,,,,,,,,,,,,,,
0921+622,9:21:36.231054,+62:15:52.180350,L,C L,7.144616,2019-04-13 00:00:00+00:00,J0921+6215,5.484166655223817,B,https://data.nrao.edu/portal/#/productViewer/19A-425.sb36426446.eb36576578.58586.33166789352,140.400962725,62.264494541666664,2.45045907252108,1.086720436842121,,,,,,,,,,,,,,,,,
1438+621,14:38:44.787300,+62:11:54.397000,L,C S,5.947422,2019-01-07 00:00:00+00:00,J1438+6211,5.318316692719236,C,https://data.nrao.edu/portal/#/productViewer/18B-229.sb35926973.eb36095962.58490.61836706019,219.68661374999996,62.19844361111111,-2.4489305746850403,1.0855676306299205,,,,,,,,,,,,,,,,,
1504+104,15:04:24.979783,+10:29:39.198650,L,S,10.374717,2021-10-17 00:00:00+00:00,J1504+1029,5.236666646087542,B,https://data.nrao.edu/portal/#/productViewer/21B-235.sb40152750.eb40729163.59504.62597114583,226.10408242916665,10.49422184722222,-2.3369246165899704,0.1831587236687491,,,,,,,,,,,,,,,,,
2206-185,22:06:10.417082,-18:35:38.746520,L,L,9.207233,2017-02-12 00:00:00+00:00,J1923-2104,4.986666671466082,D,https://data.nrao.edu/portal/#/productViewer/17A-025.sb33388792.eb33497856.57796.7248419213,331.5434045083333,-18.594096255555556,-0.4966612852377583,-0.3245282010921934,,,,,,,,,,,,,,,,,
0735+331,7:35:55.566000,+33:07:09.410000,L,L,6.408326,2017-03-30 00:00:00+00:00,J0735+3307,4.9866666295565665,D,https://data.nrao.edu/portal/#/productViewer/16A-232.sb33463086.eb33638576.57842.948945729164,113.98152499999998,33.119280555555555,1.9893528976942296,0.5780404915861812,,,,,,,,,,,,,,,,,
1215+348,12:15:55.601049,+34:48:15.220530,L,L,10.183932,2016-09-22 00:00:00+00:00,J1215+3448,4.985833353130147,B,https://data.nrao.edu/portal/#/productViewer/16A-260.sb32210981.eb32812181.57653.031409675925,183.9816710375,34.804227925,-3.07209938425412,0.6074483709058041,,,,,,,,,,,,,,,,,
0449+113,4:49:07.671119,+11:21:28.596620,X,X,11.843914,2019-05-17 00:00:00+00:00,J0713+4349,4.985833342652768,B,https://data.nrao.edu/portal/#/productViewer/19A-377.sb36539317.eb36663952.58620.720751817134,72.28196299583333,11.357943505555555,1.261558244081996,0.1982335104274513,,,,,,,,,,,,,,,,,
1051-316,10:51:04.777538,-31:38:14.307410,X,X,0.263777,2016-11-17 00:00:00+00:00,J1051-3138,4.985833332175389,A,https://data.nrao.edu/portal/#/productViewer/16B-069_sb32991151_1.57709.66087045139,162.76990640833333,-31.63730761388889,2.8408707899884345,-0.552175184328632,,,,,,,,,,,,,,,,,
1634+627,16:34:33.802900,+62:45:35.903000,L,C S,5.913417,2019-01-25 00:00:00+00:00,J1634+6245,4.985833300743252,C,https://data.nrao.edu/portal/#/productViewer/18B-229.sb35927429.eb36163928.58508.373852766206,248.64084541666665,62.759973055555555,-1.9435838997165016,1.0953681682823706,,,,,,,,,,,,,,,,,
0321+123,3:21:53.103505,+12:21:13.954030,L,L,10.313651,2018-10-16 00:00:00+00:00,J0321+1221,4.903516672784463,D,https://data.nrao.edu/portal/#/productViewer/18A-072.sb35509067.eb35645033.58407.46232196759,50.47126460416666,12.353876119444443,0.8808897449879808,0.2156158136678058,,,,,,,,,,,,,,,,,
0745+101,7:45:33.059511,+10:11:12.692470,L,C S,14.276248,2017-05-23 00:00:00+00:00,J0745+1011,4.755000014556572,C,https://data.nrao.edu/portal/#/productViewer/17A-330.sb33154829.eb33797812.57896.00797175926,116.3877479625,10.186859019444444,2.0313494109269468,0.1777942303257866,,,,,,,,,,,,,,,,,
0410+769,4:10:45.605700,+76:56:45.301000,L,L,1.498171,2017-03-28 00:00:00+00:00,J1206+6413,4.65416667284444,D,https://data.nrao.edu/portal/#/productViewer/17A-396_sb33611387_1_1_007.57840.0830209375,62.690023749999995,76.94591694444445,1.0941473225909424,1.3429595966466503,,,,,,,,,,,,,,,,,
1033+395,10:33:22.060988,+39:35:51.083370,X,X,14.901209,2019-08-08 00:00:00+00:00,J1033+3935,4.65416667284444,A,https://data.nrao.edu/portal/#/productViewer/19A-223.sb36952012.eb37038872.58703.076421817124,158.3419207833333,39.59752315833334,2.763587861601205,0.6911071547476206,,,,,,,,,,,,,,,,,
1219+484,12:19:06.414733,+48:29:56.164970,L,L,1.498171,2017-03-28 00:00:00+00:00,J1206+6413,4.65416667284444,D,https://data.nrao.edu/portal/#/productViewer/17A-396_sb33611387_1_1_007.57840.0830209375,184.77672805416665,48.49893471388889,-3.058223021572203,0.8464660944671353,,,,,,,,,,,,,,,,,
0958+474,9:58:19.671648,+47:25:07.842500,X,C X,8.882293,2020-04-22 00:00:00+00:00,J0958+4725,4.48750001960434,C,https://data.nrao.edu/portal/#/productViewer/20A-392.sb38043692.eb38043835.58961.95115936342,149.58196519999998,47.41884513888888,2.610697794343578,0.8276149751669188,,,,,,,,,,,,,,,,,
1146+399,11:46:58.297907,+39:58:34.304610,L,S,10.730743,2016-12-04 00:00:00+00:00,J1146+3958,4.487499988172203,A,https://data.nrao.edu/portal/#/productViewer/16B-086.sb32939000.eb33061496.57726.69281638889,176.7429079458333,39.976195725,3.084745673204039,0.6977162378229317,,,,,,,,,,,,,,,,,
1310+323,13:10:28.663845,+32:20:43.782950,L,S,10.706742,2016-11-25 00:00:00+00:00,J1310+3220,4.487483318662271,A,https://data.nrao.edu/portal/#/productViewer/16B-086.sb32939343.eb33039567.57717.68079039352,197.61943268749997,32.34549526388889,-2.8340755408594056,0.5645353905430933,,,,,,,,,,,,,,,,,
0153-331,1:53:10.121744,-33:10:25.861310,C,C,3.76091,2017-11-02 00:00:00+00:00,J0153-3310,3.990000004414469,B,https://data.nrao.edu/portal/#/productViewer/17B-027.sb34092487.eb34648152.58059.21447368056,28.29217393333333,-33.17385036388889,0.4937915876835813,-0.5789929144137801,,,,,,,,,,,,,,,,,
0129+236,1:29:59.801300,+23:38:20.728000,L,L,6.432334,2017-04-09 00:00:00+00:00,J0129+2338,3.989999972982332,D,https://data.nrao.edu/portal/#/productViewer/16A-232.sb33433656.eb33643406.57852.696646400465,22.49917208333333,23.63909111111111,0.3926846318269586,0.4125799720678136,,,,,,,,,,,,,,,,,
0239-025,2:39:45.472266,-2:34:40.914300,C,C,6.31254,2023-01-19 00:00:00+00:00,J0239-0234,3.989166665123776,B,https://data.nrao.edu/portal/#/productViewer/23A-059.sb43050081.eb43413821.59963.04443475694,39.939467775,-2.5780317499999996,0.6970752141679237,-0.0449951422584513,,,,,,,,,,,,,,,,,
0022+002,0:22:25.425930,+0:14:56.161440,L,L,3.903047,2017-06-05 00:00:00+00:00,J0022+0014,3.989166665123776,C,https://data.nrao.edu/portal/#/productViewer/17A-180.sb33654640.eb33912090.57909.467544224535,5.605941374999999,0.2489337333333333,0.0978421346675281,0.0043447132659482,,,,,,,,,,,,,,,,,
0832+185,8:32:16.040224,+18:32:12.133260,C,C S X,6.7595,2019-11-30 00:00:00+00:00,J0832+1832,3.9891666546463966,D,https://data.nrao.edu/portal/#/productViewer/19A-395.sb37534937.eb37565644.58817.52268164352,128.06683426666663,18.536703683333336,2.2351879205592304,0.323526511740727,,,,,,,,,,,,,,,,,
1538+003,15:38:15.953081,+0:19:05.324150,C,X,6.92279,2020-02-14 00:00:00+00:00,J1538+0019,3.7066666572354734,C,https://data.nrao.edu/portal/#/productViewer/20A-363.sb37597102.eb37917458.58893.38856366898,234.5664711708333,0.3181455972222222,-2.189228070464187,0.0055526881722515,,,,,,,,,,,,,,,,,
1006+349,10:06:01.750000,+34:54:10.400000,L,S,3.708305,2024-02-23 00:00:00+00:00,J1006+3454,3.656666656024754,C,https://data.nrao.edu/portal/#/productViewer/24A-164.sb45219943.eb45278280.60363.50562447916,151.50729166666665,34.90288888888889,2.6443010803627,0.6091703295688564,,,,,,,,,,,,,,,,,
0725-009,7:25:50.639953,-0:54:56.544380,L,L X,11.760316,2019-08-28 00:00:00+00:00,J0725-0054,3.656666645547375,A,https://data.nrao.edu/portal/#/productViewer/19A-446.sb36822498.eb37137561.58723.49784350695,111.46099980416663,-0.9157067722222224,1.9453614341474628,-0.0159820981580875,,,,,,,,,,,,,,,,,
1923-210,19:23:32.189815,-21:04:33.333080,L,L,8.450179,2017-05-26 00:00:00+00:00,J1923-2104,3.490833331597969,C,https://data.nrao.edu/portal/#/productViewer/17A-025.sb33772850.eb33827016.57899.509109502316,290.8841242291666,-21.075925855555557,-1.2062995976004165,-0.3678442990856473,,,,,,,,,,,,,,,,,
1033+412,10:33:03.707841,+41:16:06.232970,L,L,10.185285,2023-08-10 00:00:00+00:00,J1033+4116,3.4900000237394124,A,https://data.nrao.edu/portal/#/productViewer/23A-232.sb44373460.eb44412470.60166.94868986111,158.2654493375,41.26839804722222,2.7622531830876533,0.7202694229476261,,,,,,,,,,,,,,,,,
1130+382,11:30:53.282612,+38:15:18.547070,L,S,10.162558,2023-07-26 00:00:00+00:00,J1130+3815,3.4900000132620335,A,https://data.nrao.edu/portal/#/productViewer/23A-232.sb44373365.eb44380176.60151.03667774306,172.72201088333333,38.25515196388889,3.014567780579646,0.6676783576206361,,,,,,,,,,,,,,,,,
0359+509,3:59:29.747262,+50:57:50.161510,L,L,4.343498,2017-04-03 00:00:00+00:00,J0359+5057,3.4900000132620335,D,https://data.nrao.edu/portal/#/productViewer/17A-388.sb33206553.eb33639886.57846.806479861116,59.87394692499999,50.963933752777784,1.0449975100055842,0.8894884437542422,,,,,,,,,,,,,,,,,
0616-349,6:16:35.981384,-34:56:16.564670,L,L,8.596091,2017-07-01 00:00:00+00:00,J0447-2203,3.4899999923072755,C,https://data.nrao.edu/portal/#/productViewer/17A-025.sb33762109.eb33993640.57935.73936733796,94.14992243333332,-34.93793463055555,1.6432261369589378,-0.609781993149743,,,,,,,,,,,,,,,,,
1147-382,11:47:01.370704,-38:12:11.023530,L,S,6.022289,2024-09-07 00:00:00+00:00,J1147-3812,3.325833356939256,B,https://data.nrao.edu/portal/#/productViewer/24A-483.sb46487465.eb46494485.60560.78258759259,176.75571126666665,-38.203062091666666,3.08496913330777,-0.6667692178434151,,,,,,,,,,,,,,,,,
2254+247,22:54:09.341903,+24:45:23.422800,L,S X,4.160023,2022-11-26 00:00:00+00:00,J2254+2445,3.2399999967310578,C,https://data.nrao.edu/portal/#/productViewer/22B-240.sb42872582.eb43022624.59909.1994543287,343.53892459583324,24.756506333333338,-0.2872999642217663,0.4320825468074955,,,,,,,,,,,,,,,,,
2340+266,23:40:29.029462,+26:41:56.804850,C,C X,7.798758,2022-11-16 00:00:00+00:00,J2340+2641,3.191666674101725,C,https://data.nrao.edu/portal/#/productViewer/22B-240.sb42878071.eb42990624.59899.09906601852,355.12095609166664,26.699112458333335,-0.0851553805497895,0.465987419758154,,,,,,,,,,,,,,,,,
1254+116,12:54:38.255601,+11:41:05.895070,L,L,1.457616,2017-03-28 00:00:00+00:00,J1120+1420,3.157500014640391,D,https://data.nrao.edu/portal/#/productViewer/17A-396_sb33611387_1_1_009.57840.29095847222,193.6593983375,11.684970852777775,-2.903191178758979,0.2039412143805418,,,,,,,,,,,,,,,,,
1206+642,12:06:24.686800,+64:13:37.340000,L,L,1.457616,2017-03-28 00:00:00+00:00,J1120+1420,3.157500014640391,D,https://data.nrao.edu/portal/#/productViewer/17A-396_sb33611387_1_1_009.57840.29095847222,181.60286166666663,64.22703888888888,-3.1136174400524568,1.1209732974175517,,,,,,,,,,,,,,,,,
0437-187,4:37:01.482736,-18:44:48.613410,C,C X,12.461686,2021-06-12 00:00:00+00:00,J0149+0555,3.074999980162829,C,https://data.nrao.edu/portal/#/productViewer/21A-213.sb39869337.eb39924818.59377.819371875,69.25617806666666,-18.746837058333337,1.208748334610814,-0.327194031002805,,,,,,,,,,,,,,,,,
1640+397,16:40:29.632771,+39:46:46.028540,C,C L,8.598516,2020-12-29 00:00:00+00:00,J1640+3946,3.0749833316076547,A,https://data.nrao.edu/portal/#/productViewer/20B-158.sb38967973.eb39207505.59212.7415178125,250.12346987916663,39.779452372222224,-1.9177072212752653,0.6942824185355467,,,,,,,,,,,,,,,,,
1239+075,12:39:24.588312,+7:30:17.189090,C,C,5.964102,2017-10-26 00:00:00+00:00,J1239+0730,2.9908333299681544,B,https://data.nrao.edu/portal/#/productViewer/17B-027.sb34127179.eb34632765.58052.60135188657,189.8524513,7.504774747222222,-2.9696349390123977,0.1309830289595529,,,,,,,,,,,,,,,,,
0431+206,4:31:03.762000,+20:37:34.250000,L,S,11.580457,2020-02-17 00:00:00+00:00,J0431+2037,2.9258333367761225,C,https://data.nrao.edu/portal/#/productViewer/20A-365.sb37903815.eb37921700.58896.986665000004,67.765675,20.626180555555557,1.1827341485864085,0.3599947628052776,,,,,,,,,,,,,,,,,
2009+724,20:09:52.303874,+72:29:19.351050,C,C,11.372965,2020-06-30 00:00:00+00:00,J2009+7229 BPG,1.9950000022072345,B,https://data.nrao.edu/portal/#/productViewer/19B-260.sb38409298.eb38419935.59030.17762898148,302.4679328083333,72.488708625,-1.004123997973192,1.2651666360250615,,,,,,,,,,,,,,,,,
0958+655,9:58:47.245101,+65:33:54.818060,X,KA X,4.502563,2019-12-10 00:00:00+00:00,J0958+6533 CG,1.994166683871299,D,https://data.nrao.edu/portal/#/productViewer/19B-196.sb37403057.eb37578130.58827.34309657407,149.69685458749998,65.56522723888888,2.6127029924310525,1.1443290901368817,,,,,,,,,,,,,,,,,
0541-056,5:41:38.083384,-5:41:49.428390,C,X,12.46411,2022-03-16 00:00:00+00:00,J0541-0541,1.9933333236258477,A,https://data.nrao.edu/portal/#/productViewer/21B-014.sb40071326.eb41709833.59654.053136180555,85.40868076666665,-5.697063441666667,1.490662689163088,-0.0994325147520832,,,,,,,,,,,,,,,,,
1520+202,15:20:05.489700,+20:16:05.611000,L,L,1.590703,2017-08-09 00:00:00+00:00,J1206+6413,1.6616666642948985,C,https://data.nrao.edu/portal/#/productViewer/17A-396_sb33611387_1_1_003.57974.11900796296,230.02287374999997,20.268225277777777,-2.268528805342851,0.3537472646331644,1520+202,"wget -r -l 10 --reject ""index.html*"" -np -nH --cut-dirs=3   https://dl-dsoc.nrao.edu/simonpedrogonzalez/19774231/27288973261384650d06a9ca1efb1b15/",done,0.078570139594376,"ValueError: not enough values to unpack (expected 3, got 1)",,/Users/u1528314/repos/radioastro-ml/collect/extracted/1520+202/1520+202/1520+202.ms,0.0,0.8333333333333334,1.0,1.0,,1.4315,127.0,0.5516074637854671,369603.0,True
z,,,,,,,,,,,,,,,,,,,,,,,,,,,,,,,
