name,ra,dec,band_guess,band_code,size_gb,date_utc,gain_calibrator_name,gain_onsource_min,gain_array_config,access_url
0005+383,0:05:57.175409,+38:20:15.148570,C,C,9.222748,2024-11-29,J0005+3820,8.975833347067237,A,https://data.nrao.edu/portal/#/productViewer/24B-465.sb47226343.eb47329790.60643.9672167824
0006-063,0:06:13.892894,-6:23:35.335300,C,C,7.234304,2018-11-29,J0006-0623,8.9758333156351,C,https://data.nrao.edu/portal/#/productViewer/18B-126.sb35791059.eb35954550.58451.07074417824
0010-418,0:10:52.519686,-41:53:10.790750,L,L,39.190578,2018-01-16,J0010-4153,14.460833341581747,B,https://data.nrao.edu/portal/#/productViewer/17B-287.sb34173996.eb34830790.58134.97085854167
0012-399,0:12:59.908000,-39:54:25.836000,C,C,11.226409,2017-11-23,J0012-3954,20.85833332152106,B,https://data.nrao.edu/portal/#/productViewer/17B-078.sb34399442.eb34741390.58080.15345405093
0016-002,0:16:11.088554,-0:15:12.445280,L,L S,28.531026,2022-04-18,J2134-0153,7.811666645575315,A,https://data.nrao.edu/portal/#/productViewer/22A-253.sb41536837.eb41773145.59687.589951435184
0019+203,0:19:37.854504,+20:21:45.644610,KU,K X,40.43832,2023-08-07,J0019+2021,5.817499982658774,A,https://data.nrao.edu/portal/#/productViewer/23A-324.sb44360040.eb44410108.60163.599750497684
0019+734,0:19:45.786427,+73:27:30.017450,L,C L,17.446075,2019-09-14,J0019+7327,6.980816685827449,A,https://data.nrao.edu/portal/#/productViewer/19A-323.sb37229893.eb37257505.58740.53863625
0022+002,0:22:25.425930,+0:14:56.161440,L,L,3.903047,2017-06-05,J0022+0014,3.9891666651237756,C,https://data.nrao.edu/portal/#/productViewer/17A-180.sb33654640.eb33912090.57909.467544224535
0024-420,0:24:42.989921,-42:02:03.950200,L,S,11.810927,2023-05-30,J0024-4202,14.95999998296611,B,https://data.nrao.edu/portal/#/productViewer/23A-068.sb43052135.eb44031644.60094.55354649306
0025-260,0:25:49.168300,-26:02:12.695000,L,L,3.960961,2020-06-05,J0025-2602,12.465833349851891,C,https://data.nrao.edu/portal/#/productViewer/20A-438.sb38243313.eb38259470.59005.53019585648
0029+349,0:29:14.242456,+34:56:32.246560,L,L,5.175655,2021-04-05,J0029+3456,19.945833357051015,D,https://data.nrao.edu/portal/#/productViewer/21A-386.sb39308424.eb39561699.59309.65995487268
0040-017,0:40:57.611582,-1:46:32.025620,C,X,22.844065,2024-08-10,J0040-0146,3.323333328589797,B,https://data.nrao.edu/portal/#/productViewer/24A-381.sb45867846.eb46334576.60532.42686896991
0042+233,0:42:04.545183,+23:20:01.061290,L,L,8.93382,2017-11-04,0042+233,7.979166659060866,B,https://data.nrao.edu/portal/#/productViewer/17B-074.sb34053427.eb34661399.58061.40609163194
0051-068,0:51:08.209796,-6:50:02.228140,X,C X,30.056318,2022-08-04,J0051-0650,3.2416666857898235,D,https://data.nrao.edu/portal/#/productViewer/22A-378.sb41850351.eb42474683.59795.49607375
0057+303,0:57:48.883353,+30:21:08.812130,C,C X,24.134991,2024-10-30,J0057+3021,5.320000030333176,A,https://data.nrao.edu/portal/#/productViewer/24B-323.sb46973749.eb47128958.60613.051109699074
0059+001,0:59:05.514924,+0:06:51.621710,L,S,5.952183,2016-09-05,J0059+0006cal,5.484999984037131,B,https://data.nrao.edu/portal/#/productViewer/16A-202.sb32519227.eb32695245.57636.25041059028
0105+483,1:05:49.928164,+48:19:03.192580,C,C,19.466862,2023-03-15,J0105+4819,4.987500021234155,B,https://data.nrao.edu/portal/#/productViewer/23A-296.sb43705203.eb43721654.60018.09472337963
0108+015,1:08:38.771074,+1:35:00.317140,L,L,3.555156,2017-03-31,J0108+0135,11.9683333451394,D,https://data.nrao.edu/portal/#/productViewer/17A-060.sb33364047.eb33638732.57843.627024050926
0110-076,1:10:50.020945,-7:41:41.113690,C,X,24.252156,2019-08-20,J0110-0741,3.4900000027846545,A,https://data.nrao.edu/portal/#/productViewer/19A-223.sb36969900.eb37092511.58715.424748749996
0110+565,1:10:57.561000,+56:32:16.932000,L,L,177.303795,2020-10-12,J2007+4029,7.41250000661239,B,https://data.nrao.edu/portal/#/productViewer/20A-519.sb38216477.eb38715697.59134.048009907405
0112+227,1:12:05.824718,+22:44:38.786190,C,C,8.108007,2021-03-30,J0112+2244,13.364166672108695,D,https://data.nrao.edu/portal/#/productViewer/20B-149.sb39550506.eb39551125.59303.60019144676
0115-014,1:15:17.099972,-1:27:04.577370,C,C,18.715702,2024-12-03,J0115-0127,3.906666641123593,A,https://data.nrao.edu/portal/#/productViewer/24B-307.sb47036639.eb47340251.60647.01659290509
0116-116,1:16:12.521963,-11:36:15.434050,C,C,13.995453,2023-09-15,J0116-1136,6.083333319984376,A,https://data.nrao.edu/portal/#/productViewer/23A-188.sb44223980.eb44533737.60202.30663789352
0116-208,1:16:51.404300,-20:52:06.813000,L,L,17.588164,2024-04-21,J0116-2052,4.985833311220631,C,https://data.nrao.edu/portal/#/productViewer/24A-050.sb45130044.eb45528571.60421.72947091435
0118-216,1:18:57.262140,-21:41:30.139550,X,C X,16.126799,2020-02-28,J0118-2141,10.469999987399206,C,https://data.nrao.edu/portal/#/productViewer/20A-239.sb37934331.eb37949308.58906.984111087964
0119+321,1:19:35.000447,+32:10:50.054290,L,S,12.615356,2024-08-18,J0119+3210,7.977500011911616,B,https://data.nrao.edu/portal/#/productViewer/24A-478.sb46137593.eb46351813.60540.28640730324
0121+043,1:21:56.861699,+4:22:24.734360,L,L,10.676553,2018-05-29,J0121+0422,19.365016700467095,A,https://data.nrao.edu/portal/#/productViewer/18A-253.sb35146759.eb35452011.58267.54645782408
0129+236,1:29:59.801300,+23:38:20.728000,L,L,6.432334,2017-04-09,J0129+2338,3.989999972982332,D,https://data.nrao.edu/portal/#/productViewer/16A-232.sb33433656.eb33643406.57852.696646400465
0132-169,1:32:43.487454,-16:54:48.521370,C,C,7.717886,2018-09-30,J0132-1654,11.10248333425261,D,https://data.nrao.edu/portal/#/productViewer/SE0229.sb35615505.eb35618725_000.58391.15663732639
0141+138,1:41:09.154500,+13:53:28.033000,L,L,13.588724,2022-07-22,J0141+1353,11.967500005848706,D,https://data.nrao.edu/portal/#/productViewer/22A-023.sb41895658.eb42437782.59782.36632863426
0141-094,1:41:25.832025,-9:28:43.673810,C,C KU,16.124466,2024-05-24,J0141-0928,4.322499992558733,B,https://data.nrao.edu/portal/#/productViewer/24A-138.sb45493240.eb46118526.60454.73741081019
0145-275,1:45:03.394589,-27:33:34.328870,L,S,5.951986,2016-09-05,J0145-2733cal,5.98416666733101,B,https://data.nrao.edu/portal/#/productViewer/16A-202.sb32459446.eb32695956.57636.45354387732
0149+059,1:49:22.370886,+5:55:53.568660,C,C,7.161463,2018-12-07,J0149+0555,8.475833345437422,C,https://data.nrao.edu/portal/#/productViewer/18B-126.sb35791518.eb35982876.58459.054627314814
0151+277,1:51:27.146149,+27:44:41.793650,X,K X,37.021755,2018-11-24,J0029+3456,3.9891666546463966,C,https://data.nrao.edu/portal/#/productViewer/18B-245.sb35916319.eb35934952.58446.20829001158
0153-331,1:53:10.121744,-33:10:25.861310,C,C,3.76091,2017-11-02,J0153-3310,3.990000004414469,B,https://data.nrao.edu/portal/#/productViewer/17B-027.sb34092487.eb34648152.58059.21447368056
0154+477,1:54:56.289876,+47:43:26.539140,C,C,28.66316,2023-07-30,J0154+4743,4.986666660988703,A,https://data.nrao.edu/portal/#/productViewer/23A-328.sb44271770.eb44394915.60155.60467678241
0155-408,1:55:37.059378,-40:48:42.356450,L,L,48.54845,2019-09-04,J0145-2733,8.22666666819714,A,https://data.nrao.edu/portal/#/productViewer/19A-056.sb37061537.eb37180589.58730.4308771875
0157+747,1:57:34.964908,+74:42:43.229980,L,L,98.648934,2022-01-18,J0157+7442,22.43833336397074,B,https://data.nrao.edu/portal/#/productViewer/21B-215.sb40157619.eb41141164.59597.07311185185
0201-115,2:01:57.164700,-11:32:33.133000,L,L,4.164818,2019-12-15,J0201-1132,7.977499990956858,D,https://data.nrao.edu/portal/#/productViewer/19B-204.sb37534696.eb37595545.58832.16749317129
0203+115,2:03:46.657061,+11:34:45.409620,L,L,8.757643,2018-03-22,J0203+1134,5.56748334900476,A,https://data.nrao.edu/portal/#/productViewer/18A-316.sb35148782.eb35243126.58199.830930428245
0204+152,2:04:50.413904,+15:14:11.043460,L,C S,5.513145,2018-12-09,J0204+1514,5.734166661277413,C,https://data.nrao.edu/portal/#/productViewer/18B-229.sb35833323.eb35988722.58461.272431261576
0205+322,2:05:04.925371,+32:12:30.095600,L,L,3.285398,2022-12-10,J0205+3212,11.168333346722648,C,https://data.nrao.edu/portal/#/productViewer/22B-319.sb43053492.eb43085640.59923.931312754634
0207+627,2:07:02.991400,+62:46:12.203000,X,C X,26.376147,2019-11-12,J0207+6246,2.909166655736044,D,https://data.nrao.edu/portal/#/productViewer/19B-139.sb37400903.eb37513913.58799.01879219907
0215-023,2:15:42.017245,-2:22:56.751750,C,C KU L X,15.790176,2016-10-05,J0215-0222,12.549166650278494,A,https://data.nrao.edu/portal/#/productViewer/16B-382.sb32531025.eb32889004.57666.230434212965
0219+013,2:19:07.024497,+1:20:59.865760,X,X,19.72496,2024-07-22,J0339-0146,3.3241666783578694,B,https://data.nrao.edu/portal/#/productViewer/24A-381.sb45868042.eb46237536.60513.451323657406
0224+278,2:24:12.297300,+27:50:12.016000,L,L,51.212354,2017-03-20,J0224+2750,3.1583333224989474,D,https://data.nrao.edu/portal/#/productViewer/17A-396_sb33611387_1_1_008.57832.81079510417
0224+069,2:24:28.428190,+6:59:23.341640,X,X,24.252156,2019-08-20,J0110-0741,3.4900000027846545,A,https://data.nrao.edu/portal/#/productViewer/19A-223.sb36969900.eb37092511.58715.424748749996
0226+343,2:26:10.333198,+34:21:30.286450,KU,KU X,67.656539,2022-11-12,J0313+4120,6.1483333026990294,C,https://data.nrao.edu/portal/#/productViewer/22B-267.sb42703697.eb42987367.59895.06416113426
0229+777,2:29:14.711500,+77:43:16.113000,L,L,19.750116,2019-01-21,J0229+7743,7.479166636476293,C,https://data.nrao.edu/portal/#/productViewer/18B-048.sb36110611.eb36141244.58504.03136233796
0239-025,2:39:45.472266,-2:34:40.914300,C,C,6.31254,2023-01-19,J0239-0234,3.9891666651237756,B,https://data.nrao.edu/portal/#/productViewer/23A-059.sb43050081.eb43413821.59963.04443475694
0239+042,2:39:51.263048,+4:16:21.411830,X,C KU X,29.730069,2020-07-04,J0239+0416,7.47916666790843,B,https://data.nrao.edu/portal/#/productViewer/20A-065.sb38320300.eb38436602.59034.521628877315
0240-231,2:40:08.174510,-23:09:15.730850,L,L,8.548473,2017-03-04,J0240-2309,6.9808333239052445,D,https://data.nrao.edu/portal/#/productViewer/17A-025.sb33362373.eb33589933.57816.935698333335
0242+110,2:42:29.170847,+11:01:00.728230,C,C,37.309242,2025-01-29,J0302+1218,22.321666670031846,A,https://data.nrao.edu/portal/#/productViewer/24B-010.sb46665888.eb47557362.60703.93844891204
0242-215,2:42:35.909850,-21:32:25.935070,L,S,14.246091,2019-10-04,J0609-1542,5.984166656853631,A,https://data.nrao.edu/portal/#/productViewer/19A-336.sb36901201.eb37327007.58760.427636249995
0259+077,2:59:27.076633,+7:47:39.643230,L,L,12.159766,2023-04-09,J0259+0747,19.779166682856157,B,https://data.nrao.edu/portal/#/productViewer/23A-354.sb43148991.eb43786849.60043.93376165509
0309+104,3:09:03.623523,+10:29:16.340820,C,C,16.471274,2016-12-01,J0309+1029,3.324999975739047,A,https://data.nrao.edu/portal/#/productViewer/16B-376.sb32987847.eb33046593.57723.13622295139
0312-148,3:12:46.398800,-14:49:52.051000,L,L,13.564898,2022-08-02,J0312-1449,11.96666669799015,D,https://data.nrao.edu/portal/#/productViewer/22A-023.sb41898193.eb42470372.59793.62605548611
0318+164,3:18:57.802658,+16:28:32.698500,L,L S,51.499591,2018-03-27,J0318+1628,6.9808333239052445,A,https://data.nrao.edu/portal/#/productViewer/18A-322.sb35204337.eb35250710.58203.965917939815
0321+123,3:21:53.103505,+12:21:13.954030,L,L,10.313651,2018-10-16,J0321+1221,4.903516672784463,D,https://data.nrao.edu/portal/#/productViewer/18A-072.sb35509067.eb35645033.58407.46232196759
0323+055,3:23:20.261600,+5:34:11.890900,L,L,9.612122,2020-06-28,J0323+0534,10.18916665809229,B,https://data.nrao.edu/portal/#/productViewer/20A-251.sb38356988.eb38413552.59028.77487047453
0325+226,3:25:36.814375,+22:24:00.365180,C,C L S X,62.491958,2024-11-11,J0409-1238,9.904166663764045,A,https://data.nrao.edu/portal/#/productViewer/24B-448.sb47197859.eb47230834.60625.309898541665
0329-239,3:29:54.075537,-23:57:08.773300,X,X,34.178577,2017-09-28,J0329-2357,7.230000001145527,B,https://data.nrao.edu/portal/#/productViewer/17B-144.sb34407803.eb34534796.58024.35945729166
0329+279,3:29:57.669413,+27:56:15.499140,L,L,4.756409,2018-09-20,J0329+2756,7.89416664862074,D,https://data.nrao.edu/portal/#/productViewer/18A-146.sb35428989.eb35613105.58381.37726202546
0334-401,3:34:13.654494,-40:08:25.397980,C,C S,37.831031,2022-04-19,J0334-4008,11.966666666558012,A,https://data.nrao.edu/portal/#/productViewer/22A-230.sb41491781.eb41774361.59688.917057997685
0336+323,3:36:30.107599,+32:18:29.342390,L,L,6.981677,2020-08-30,J0336+3218,12.964166672900319,B,https://data.nrao.edu/portal/#/productViewer/20A-235.sb38622794.eb38624965.59091.54055288194
0340-213,3:40:35.607864,-21:19:31.172230,L,L,28.51347,2022-06-23,J0340-2119,7.978333330247551,A,https://data.nrao.edu/portal/#/productViewer/22A-428.sb41176956.eb41880038.59753.56495479167
0348-278,3:48:38.144561,-27:49:13.565300,X,Q X,16.529755,2021-08-17,J0348-2749,7.980000029783696,C,https://data.nrao.edu/portal/#/productViewer/21A-036.sb39613345.eb40042388.59443.490272083334
0349+461,3:49:18.741557,+46:09:59.658150,C,X,15.205819,2023-02-01,J2355+4950,6.481666682520881,B,https://data.nrao.edu/portal/#/productViewer/23A-002.sb43089347.eb43588720.59976.035739687504
0358+561,3:58:30.179300,+56:06:44.493000,X,C X,38.764146,2017-09-07,J0358+5606,5.734166671754792,B,https://data.nrao.edu/portal/#/productViewer/17B-310.sb34053512.eb34348045.58003.52665141204
0359+509,3:59:29.747262,+50:57:50.161510,L,L,4.343498,2017-04-03,J0359+5057,3.4900000132620335,D,https://data.nrao.edu/portal/#/productViewer/17A-388.sb33206553.eb33639886.57846.806479861116
0402-317,4:02:21.266027,-31:47:25.945580,L,C S,29.79415,2018-01-29,J0402-3147,7.895000008866191,B,https://data.nrao.edu/portal/#/productViewer/18A-199.sb34773340.eb34962569.58147.010660451386
0403+260,4:03:05.586048,+26:00:01.502740,L,L,7.054725,2022-06-06,J0403+2600,9.640833354787901,A,https://data.nrao.edu/portal/#/productViewer/22A-041.sb41834770.eb41839337.59736.590703229165
0405-131,4:05:34.003401,-13:08:13.691050,C,C,7.2344,2018-11-29,J0405-1308,8.974983327789232,C,https://data.nrao.edu/portal/#/productViewer/18B-126.sb35699350.eb35954556.58451.10570836806
0409-179,4:09:06.700000,-17:57:10.039000,L,L,10.672258,2017-08-24,J0409-1757,11.966666677035391,C,https://data.nrao.edu/portal/#/productViewer/17A-332.sb33757064.eb34200163.57989.42082625
0409+122,4:09:22.008740,+12:17:39.847500,L,S,17.127085,2024-12-01,J0409+1217,8.974999986821786,A,https://data.nrao.edu/portal/#/productViewer/24B-418.sb47304112.eb47329826.60645.13034002315
0410+769,4:10:45.605700,+76:56:45.301000,L,L,1.498171,2017-03-28,J1206+6413,4.65416667284444,D,https://data.nrao.edu/portal/#/productViewer/17A-396_sb33611387_1_1_007.57840.0830209375
0414+343,4:14:37.255748,+34:18:51.207380,L,L,17.812692,2023-04-29,J0414+3418,8.311666668159887,B,https://data.nrao.edu/portal/#/productViewer/23A-221.sb43107748.eb43832923.60063.75538043982
0416-209,4:16:04.359742,-20:56:27.517790,L,L,8.548473,2017-03-04,J0240-2309,6.9808333239052445,D,https://data.nrao.edu/portal/#/productViewer/17A-025.sb33362373.eb33589933.57816.935698333335
0416-188,4:16:36.544466,-18:51:08.340120,L,C S,7.984133,2022-12-12,J0416-1851,7.396666675340384,C,https://data.nrao.edu/portal/#/productViewer/22B-114.sb42825409.eb43086512.59925.16648372685
0423+418,4:23:56.009795,+41:50:02.712770,L,C KA KU S X,46.489095,2022-08-06,J0423+4150,29.418333317153156,D,https://data.nrao.edu/portal/#/productViewer/22A-169.sb42445480.eb42479744.59797.66455606482
0424+020,4:24:08.562028,+2:04:24.964950,C,C X,21.703494,2022-05-01,J2147+0929,4.105833327630535,A,https://data.nrao.edu/portal/#/productViewer/22A-449.sb41466600.eb41788357.59700.729568622686
0424+006,4:24:46.842052,+0:36:06.329830,L,L,253.848586,2019-10-16,J0239+0416,10.122499986318871,A,https://data.nrao.edu/portal/#/productViewer/19A-386.sb37365744.eb37373004.58772.39290590277
0431+206,4:31:03.762000,+20:37:34.250000,L,S,11.580457,2020-02-17,J0431+2037,2.9258333367761225,C,https://data.nrao.edu/portal/#/productViewer/20A-365.sb37903815.eb37921700.58896.986665000004
0432+416,4:32:36.502609,+41:38:28.448550,L,S,7.863193,2024-03-16,J0432+4138,9.507500032195821,C,https://data.nrao.edu/portal/#/productViewer/24A-412.sb44879786.eb45307890.60385.01687361111
0437-187,4:37:01.482736,-18:44:48.613410,C,C X,12.461686,2021-06-12,J0149+0555,3.074999980162829,C,https://data.nrao.edu/portal/#/productViewer/21A-213.sb39869337.eb39924818.59377.819371875
0447-220,4:47:37.282200,-22:03:36.805100,L,L,7.62075,2017-09-28,J0447-2203,31.914166681235656,B,https://data.nrao.edu/portal/#/productViewer/17B-329.sb34138166.eb34534856.58024.40257539352
0449+113,4:49:07.671119,+11:21:28.596620,X,X,11.843914,2019-05-17,J0713+4349,4.985833342652768,B,https://data.nrao.edu/portal/#/productViewer/19A-377.sb36539317.eb36663952.58620.720751817134
0449-391,4:49:42.259400,-39:11:09.056000,C,C L S X,48.597144,2021-01-01,J0402-3147,8.72583334101364,A,https://data.nrao.edu/portal/#/productViewer/20B-279.sb38965460.eb39209121.59215.18493018518
0453-281,4:53:14.646807,-28:07:37.327600,L,C L S X,48.597144,2021-01-01,J0402-3147,8.72583334101364,A,https://data.nrao.edu/portal/#/productViewer/20B-279.sb38965460.eb39209121.59215.18493018518
0457-234,4:57:03.179230,-23:24:52.020050,L,L S,23.904471,2017-01-14,0204-170,8.975000018253922,A,https://data.nrao.edu/portal/#/productViewer/16B-306.sb33311134.eb33323274.57767.02146015046
0459+024,4:59:52.050664,+2:29:31.176310,L,L S,16.746816,2019-09-08,J0459+0229,4.986666671466082,A,https://data.nrao.edu/portal/#/productViewer/19A-380.sb37107931.eb37213025.58734.59946233797
0508+845,5:08:42.363503,+84:32:04.544020,C,C L S X,14.102629,2022-10-22,J0508+8432,11.966666666558012,C,https://data.nrao.edu/portal/#/productViewer/22B-003.sb42772644.eb42948825.59874.28743435185
0512+152,5:12:41.012900,+15:17:23.479270,X,KU X,32.096924,2018-03-18,J0512+1517,3.9891666756011546,A,https://data.nrao.edu/portal/#/productViewer/18A-296.sb35009183.eb35228150.58195.07925738426
0512+406,5:12:52.544000,+40:41:43.603000,X,X,36.777628,2018-04-14,J0714+3534,3.406666691880673,A,https://data.nrao.edu/portal/#/productViewer/18A-299.sb35253758.eb35341601.58222.796911805555
0513-219,5:13:49.114326,-21:59:16.092020,X,KU X,16.961096,2016-10-21,J0513-2159,2.710000021615997,A,https://data.nrao.edu/portal/#/productViewer/16B-376.sb32924679.eb32962866.57682.44879466435
0521+166,5:21:09.886021,+16:38:22.051220,L,L,3.297908,2017-07-07,J0902-1415,13.464999992866069,C,https://data.nrao.edu/portal/#/productViewer/17A-296.sb33813849.eb33997674.57941.76535543981
0530-250,5:30:07.962795,-25:03:29.899590,L,C L S X,64.728233,2024-11-10,J0552+0313,10.45583330327645,A,https://data.nrao.edu/portal/#/productViewer/24B-448.sb47200992.eb47229634.60624.307026423616
0534+194,5:34:44.518300,+19:27:21.378000,L,L S,15.285195,2020-03-21,J1221+2813,5.384166652802378,C,https://data.nrao.edu/portal/#/productViewer/20A-365.sb37909536.eb37982941.58929.14514921296
0538-440,5:38:50.361551,-44:05:08.939080,L,L S,23.567661,2019-08-11,J0538-4405,7.979166659060866,A,https://data.nrao.edu/portal/#/productViewer/19A-306.sb36855961.eb37049457.58706.598288090274
0539-286,5:39:54.281429,-28:39:55.947450,C,C,5.225502,2017-11-12,J0539-2839,10.969166649738327,B,https://data.nrao.edu/portal/#/productViewer/17B-078.sb34432825.eb34684994.58069.38455575232
0541-056,5:41:38.083384,-5:41:49.428390,C,X,12.46411,2022-03-16,J0541-0541,1.9933333236258477,A,https://data.nrao.edu/portal/#/productViewer/21B-014.sb40071326.eb41709833.59654.053136180555
0555+398,5:55:30.805608,+39:48:49.165000,L,C L,13.385614,2023-05-29,J0555+3948,9.474166691070423,B,https://data.nrao.edu/portal/#/productViewer/23A-010.sb43643732.eb44028001.60093.66670934028
0559+238,5:59:32.033133,+23:53:53.926900,C,C X,47.240771,2022-07-04,J0559+2353,12.300000035902485,A,https://data.nrao.edu/portal/#/productViewer/22A-125.sb41250424.eb41918453.59764.845885
0603+219,6:03:51.557091,+21:59:37.697500,L,L,42.486836,2018-09-24,J0603+2159,6.89666667371057,D,https://data.nrao.edu/portal/#/productViewer/18A-389.sb35517192.eb35616035.58385.40196292824
0604+442,6:04:35.628762,+44:13:58.549500,C,C X,104.929457,2020-12-11,J0700+1709,12.96500003314577,A,https://data.nrao.edu/portal/#/productViewer/20B-363.sb38875430.eb39175630.59194.19829997685
0607+673,6:07:52.671622,+67:20:55.409770,C,X,21.856876,2024-03-22,J0607+6720,9.640000025974587,C,https://data.nrao.edu/portal/#/productViewer/23B-328.sb45318841.eb45319553.60391.01861103009
0608-223,6:08:59.686836,-22:20:20.955920,C,C X,10.713746,2016-12-23,J0608-2220,11.966666708467528,A,https://data.nrao.edu/portal/#/productViewer/15A-235.sb33100690.eb33101574.57745.31847357639
0609-157,6:09:40.949538,-15:42:40.672640,L,C S X,12.700298,2019-01-24,J0609-1542,5.98416666733101,C,https://data.nrao.edu/portal/#/productViewer/18B-294.sb36143931.eb36160007.58507.10122333333
0614+607,6:14:23.866195,+60:46:21.755380,L,L S,15.02913,2021-08-07,J0607+6720,5.816666674800217,C,https://data.nrao.edu/portal/#/productViewer/21A-345.sb39866146.eb40025005.59433.60344792824
0616-349,6:16:35.981384,-34:56:16.564670,L,L,8.596091,2017-07-01,J0447-2203,3.4899999923072755,C,https://data.nrao.edu/portal/#/productViewer/17A-025.sb33762109.eb33993640.57935.73936733796
0617-365,6:17:32.323928,-36:34:14.801892,L,L,15.709635,2020-01-13,J0617-3634,17.18666670494713,D,https://data.nrao.edu/portal/#/productViewer/19B-238.sb37303140.eb37695661.58861.114391192124
0624+389,6:24:19.021305,+38:56:48.735910,C,C X,25.351464,2019-04-02,J0624+3856,12.465833318419755,B,https://data.nrao.edu/portal/#/productViewer/19A-184.sb36496294.eb36547035.58575.888327569446
0629-199,6:29:23.761851,-19:59:19.723450,X,X,17.865278,2017-01-03,J0629-1959,3.9891666651237756,A,https://data.nrao.edu/portal/#/productViewer/16B-376.sb32991657.eb33144360.57756.21302466435
0632+103,6:32:15.326900,+10:22:01.676000,L,L,7.081711,2016-09-11,J0632+1022,13.214166657999158,B,https://data.nrao.edu/portal/#/productViewer/S91005.sb32550336.eb32738393.57642.57169658565
0639-337,6:39:20.904674,-33:46:00.113060,X,C X,104.702448,2022-03-05,J1051-3138,6.9808333239052445,A,https://data.nrao.edu/portal/#/productViewer/22A-133.sb41539323.eb41598115.59643.17551461805
0645+213,6:45:24.099508,+21:21:51.201600,X,Q X,126.077665,2021-10-21,J0748-1639,5.1524999749381095,B,https://data.nrao.edu/portal/#/productViewer/21B-054.sb40862009.eb40863642.59508.524218935185
0650-166,6:50:24.581852,-16:37:39.725000,C,X,9.923628,2023-02-16,J0653-0625,9.972500003641471,B,https://data.nrao.edu/portal/#/productViewer/23A-002.sb43107497.eb43644877.59991.0422612963
0653-064,6:53:00.598700,-6:25:32.520000,X,X,9.923628,2023-02-16,J0653-0625,9.972500003641471,B,https://data.nrao.edu/portal/#/productViewer/23A-002.sb43107497.eb43644877.59991.0422612963
0653+370,6:53:58.282842,+37:05:40.606420,C,C L S X,13.664363,2022-11-06,J0653+3705,11.30083336145617,C,https://data.nrao.edu/portal/#/productViewer/22B-003.sb42845935.eb42977367.59889.52672653935
0702+445,7:02:53.679000,+44:31:11.940000,L,L,16.42258,2020-02-05,J0702+4431,12.965000001713634,C,https://data.nrao.edu/portal/#/productViewer/20A-123.sb37724219.eb37873710.58884.05251392361
0706-231,7:06:33.478200,-23:11:37.530000,L,L X,22.736274,2020-02-28,J0706-2311,17.700833348790184,C,https://data.nrao.edu/portal/#/productViewer/SC1046.sb37887364.eb37951420.58907.12150327546
0710+475,7:10:46.104900,+47:32:11.142670,X,X,18.658208,2021-04-11,J0927+3902,5.800833333050832,D,https://data.nrao.edu/portal/#/productViewer/21A-263.sb39550910.eb39566736.59315.010009432866
0713+438,7:13:38.164129,+43:49:17.206980,L,L S,6.780064,2021-09-05,J0958+3224,9.971666674828157,C,https://data.nrao.edu/portal/#/productViewer/21A-334.sb39898070.eb40110130.59462.897265023144
0714+355,7:14:24.817480,+35:34:39.795330,L,L S,26.785712,2021-02-14,J0714+3534,7.810833295807242,A,https://data.nrao.edu/portal/#/productViewer/20B-375.sb39034288.eb39305548.59259.06824069444
0721+713,7:21:53.448459,+71:20:36.363390,X,C X,17.446703,2022-08-06,J0721+7120,3.9891666756011546,D,https://data.nrao.edu/portal/#/productViewer/22A-378.sb42365096.eb42479746.59797.7373046412
0725+144,7:25:16.807752,+14:25:13.746840,C,C L S X,65.426757,2024-11-13,J0902-1415,23.384166680043563,A,https://data.nrao.edu/portal/#/productViewer/24B-448.sb47203628.eb47255769.60627.44817962963
0725-009,7:25:50.639953,-0:54:56.544380,L,L X,11.760316,2019-08-28,J0725-0054,3.656666645547375,A,https://data.nrao.edu/portal/#/productViewer/19A-446.sb36822498.eb37137561.58723.49784350695
0726+791,7:26:11.735177,+79:11:31.016240,C,C X,16.713581,2022-08-07,J0650+6001,2.244166668970138,D,https://data.nrao.edu/portal/#/productViewer/22A-378.sb41918233.eb42482006.59798.68980806713
0729-366,7:29:05.415916,-36:39:45.240505,L,L,137.258248,2019-08-25,J0729-3639,4.039166666334495,A,https://data.nrao.edu/portal/#/productViewer/19A-386.sb37075096.eb37113323.58720.64759306713
0730-116,7:30:19.112472,-11:41:12.600480,L,S X,81.95723,2023-02-24,J0632+1022,30.484166684327647,B,https://data.nrao.edu/portal/#/productViewer/SF1100.sb43373034.eb43659814.59999.03122798611
0735-175,7:35:45.812488,-17:35:48.502230,L,S,27.782776,2025-01-27,J0735-1735,22.935833347728476,A,https://data.nrao.edu/portal/#/productViewer/24B-498.sb47373288.eb47536831.60702.1524719213
0735+331,7:35:55.566000,+33:07:09.410000,L,L,6.408326,2017-03-30,J0735+3307,4.9866666295565665,D,https://data.nrao.edu/portal/#/productViewer/16A-232.sb33463086.eb33638576.57842.948945729164
0738+177,7:38:07.393747,+17:42:18.998270,L,L,4.038004,2024-05-27,J0738+1742,10.471666645025834,B,https://data.nrao.edu/portal/#/productViewer/24A-275.sb45390411.eb46131052.60457.815201087964
0739+016,7:39:18.033894,+1:37:04.618030,L,S,7.041064,2019-01-25,J0739+0137,30.016666684532538,C,https://data.nrao.edu/portal/#/productViewer/SE0229_sb36144333_1_1.58508.145297083334
0741+312,7:41:10.703308,+31:12:00.228620,L,L,3.90857,2017-04-22,J0741+3112,7.89416664862074,D,https://data.nrao.edu/portal/#/productViewer/17A-210.sb33373364.eb33655334.57865.82736850694
0744-064,7:44:21.660500,-6:29:35.888000,L,L,14.497627,2020-02-12,J0744-0629,16.953316658036783,C,https://data.nrao.edu/portal/#/productViewer/20A-123.sb37724295.eb37907878.58891.15314925926
0745+101,7:45:33.059511,+10:11:12.692470,L,C S,14.276248,2017-05-23,J0745+1011,4.755000014556572,C,https://data.nrao.edu/portal/#/productViewer/17A-330.sb33154829.eb33797812.57896.00797175926
0745+317,7:45:41.671522,+31:42:56.615620,X,C X,15.835783,2018-03-30,J0745+3142,7.563183344900608,A,https://data.nrao.edu/portal/#/productViewer/18A-373.sb35252073.eb35252224.58207.155733645835
0745-007,7:45:54.082313,-0:44:17.539800,C,X,39.806712,2018-04-05,J0653-0625,3.674166644923389,A,https://data.nrao.edu/portal/#/productViewer/18A-299.sb35163616.eb35265184.58212.986166331015
0750+482,7:50:20.436304,+48:14:53.556410,C,C,8.104858,2021-04-20,J0750+4814,13.364150013076141,D,https://data.nrao.edu/portal/#/productViewer/20B-149.sb39581491.eb39589549.59324.919125370376
0753+538,7:53:01.384573,+53:52:59.637160,C,C,28.66316,2023-07-30,J0154+4743,4.986666660988703,A,https://data.nrao.edu/portal/#/productViewer/23A-328.sb44271770.eb44394915.60155.60467678241
0757+099,7:57:06.642936,+9:56:34.852100,C,X,24.362642,2019-08-11,J0825+0309,3.2908333372324705,A,https://data.nrao.edu/portal/#/productViewer/19A-223.sb36974694.eb37050888.58706.787770358795
0804-278,8:04:51.451191,-27:49:11.320180,X,C X,42.646032,2019-03-22,J0804-2749,4.819166626548395,B,https://data.nrao.edu/portal/#/productViewer/19A-166.sb36312986.eb36505007.58564.02488898148
0805+617,8:05:18.185100,+61:44:23.658000,X,X,10.016259,2023-02-16,J0805+6144,6.980833355337381,B,https://data.nrao.edu/portal/#/productViewer/23A-002.sb43068284.eb43644881.59991.11483381945
0808-078,8:08:15.536036,-7:51:09.886340,KU,KU X,61.787994,2021-01-23,J0808-0751,9.139166716486216,A,https://data.nrao.edu/portal/#/productViewer/20B-164.sb39247910.eb39250854.59237.13490226852
0808+408,8:08:56.652038,+40:52:44.888890,X,X,18.971688,2020-05-23,J0808+4052,8.310833339346573,C,https://data.nrao.edu/portal/#/productViewer/20A-459.sb38110088.eb38217387.58992.83369413194
0811+017,8:11:26.707322,+1:46:52.220020,X,K X,33.905024,2018-12-14,J1024-0052,1.9949999812524766,C,https://data.nrao.edu/portal/#/productViewer/18B-245.sb35920965.eb36025178.58466.42656640046
0815+365,8:15:25.944824,+36:35:15.148300,X,X,25.382703,2019-08-22,J0927+3902,5.384999992093071,A,https://data.nrao.edu/portal/#/productViewer/19A-160.sb36844841.eb37104683.58717.59939425926
0818+423,8:18:15.999602,+42:22:45.414940,L,L,10.718852,2016-10-28,J0818+4222,6.481666661566123,A,https://data.nrao.edu/portal/#/productViewer/16B-238.sb32718143.eb32972456.57689.317474270836
0824+558,8:24:47.236351,+55:52:42.669380,L,L,35.25976,2018-03-20,J1150-0023,7.480000028153881,A,https://data.nrao.edu/portal/#/productViewer/18A-161.sb35160642.eb35231212.58197.119604074076
0825+031,8:25:50.338355,+3:09:24.520140,L,L,9.930928,2018-03-05,J0825+0309,6.39834996778518,A,https://data.nrao.edu/portal/#/productViewer/18A-127.sb35164053.eb35195443.58182.21449738426
0826-225,8:26:01.572909,-22:30:27.202110,L,L,97.826979,2016-10-25,J0738+1742,11.468333322554827,A,https://data.nrao.edu/portal/#/productViewer/16B-015.sb32765707.eb32969163.57686.31666494213
0832+185,8:32:16.040224,+18:32:12.133260,C,C S X,6.7595,2019-11-30,J0832+1832,3.9891666546463966,D,https://data.nrao.edu/portal/#/productViewer/19A-395.sb37534937.eb37565644.58817.52268164352
0832+492,8:32:23.216688,+49:13:21.038230,L,C S,9.003364,2019-01-14,J0832+4913,8.726666690781713,C,https://data.nrao.edu/portal/#/productViewer/18B-229.sb35968744.eb36111170.58497.14639959491
0834+555,8:34:54.904117,+55:34:21.070980,L,C S,5.523559,2019-01-10,J0834+5534,5.485000004991889,C,https://data.nrao.edu/portal/#/productViewer/18B-229.sb35974040.eb36109056.58493.30257681713
0836-202,8:36:39.215215,-20:16:59.503500,L,L,97.826979,2016-10-25,J0738+1742,11.468333322554827,A,https://data.nrao.edu/portal/#/productViewer/16B-015.sb32765707.eb32969163.57686.31666494213
0837+584,8:37:22.409733,+58:25:01.845210,C,C,68.874971,2022-07-02,J0242-2132,11.220000005559996,A,https://data.nrao.edu/portal/#/productViewer/22A-186.sb41907993.eb41914542.59762.597919039355
0837+249,8:37:40.245676,+24:54:23.121600,X,L X,22.011102,2020-07-01,J0837+2454,5.585000007413328,B,https://data.nrao.edu/portal/#/productViewer/20A-265.sb38299735.eb38424369.59031.06425008102
0839+033,8:39:49.195829,+3:19:53.858020,X,C L S X,141.799894,2016-10-31,J1407+2827,21.939999999012798,A,https://data.nrao.edu/portal/#/productViewer/16B-222.sb32765697.eb32972960.57692.51305247685
0841+708,8:41:24.365281,+70:53:42.173090,L,L,7.965089,2017-06-25,J0841+7053,8.476666674250737,C,https://data.nrao.edu/portal/#/productViewer/17A-025.sb33762282.eb33979452.57928.97739612269
0842+185,8:42:05.094180,+18:35:40.990610,L,L,3.619228,2017-03-28,J0842+1835,8.891666665440425,D,https://data.nrao.edu/portal/#/productViewer/17A-210.sb33373278.eb33635071.57840.98806701389
0846-261,8:46:00.733855,-26:10:54.155700,L,C S,13.724234,2021-10-07,J0846-2610,11.900833375984803,B,https://data.nrao.edu/portal/#/productViewer/21A-282.sb40441515.eb40524248.59494.56645186343
0854+201,8:54:48.874925,+20:06:30.640880,L,L S,5.693449,2021-07-23,J0854+2006,8.909166633384302,C,https://data.nrao.edu/portal/#/productViewer/21A-282.sb39997395.eb40006113.59418.744534259255
0902-142,9:02:16.830907,-14:15:30.875380,L,L,3.297908,2017-07-07,J0902-1415,13.464999992866069,C,https://data.nrao.edu/portal/#/productViewer/17A-296.sb33813849.eb33997674.57941.76535543981
0921-263,9:21:29.353874,-26:18:43.386040,L,C S,14.784338,2021-10-02,J0921-2618,11.93333336734213,B,https://data.nrao.edu/portal/#/productViewer/21A-282.sb40441786.eb40485330.59489.64181988426
0921+622,9:21:36.231054,+62:15:52.180350,L,C L,7.144616,2019-04-13,J0921+6215,5.484166655223817,B,https://data.nrao.edu/portal/#/productViewer/19A-425.sb36426446.eb36576578.58586.33166789352
0925+003,9:25:07.815028,+0:19:13.933410,L,S,4.70784,2024-12-01,J0925+0019,6.482500032288954,A,https://data.nrao.edu/portal/#/productViewer/24B-293.sb46714680.eb47329832.60645.32566133102
0927-205,9:27:51.824323,-20:34:51.232660,C,C X,39.511668,2019-09-17,0927-205,5.512499981559813,A,https://data.nrao.edu/portal/#/productViewer/SB072.sb37189098.eb37264877.58743.69841966435
0943-083,9:43:36.944364,-8:19:30.812400,L,L,5.224599,2021-04-17,J0943-0819,19.945000007282943,D,https://data.nrao.edu/portal/#/productViewer/21A-386.sb39511611.eb39580570.59321.03600622685
0948+406,9:48:55.338145,+40:39:44.587190,C,C,9.967631,2017-11-03,J0948+4039,8.227499997010455,B,https://data.nrao.edu/portal/#/productViewer/17B-197.sb34259165.eb34650071.58060.77420858796
0949+662,9:49:12.210000,+66:14:59.321000,L,L S,13.64031,2021-03-24,J0949+6614,19.944166678469628,D,https://data.nrao.edu/portal/#/productViewer/21A-315.sb39406850.eb39523787.59297.08140472222
0954+745,9:54:47.442098,+74:35:57.145440,L,L,21.453796,2021-02-13,J0954+7435,10.969166681170464,A,https://data.nrao.edu/portal/#/productViewer/20B-138.sb38772064.eb39305542.59258.85664550926
0954+177,9:54:56.823626,+17:43:31.222420,L,L,14.988995,2018-04-07,J0954+1743,8.144183376571164,A,https://data.nrao.edu/portal/#/productViewer/18A-127.sb35164343.eb35282302.58215.130260729165
0956+252,9:56:49.875361,+25:15:16.049770,L,L,4.351366,2024-06-19,J0956+2515,9.473333320347592,B,https://data.nrao.edu/portal/#/productViewer/24A-275.sb45389792.eb46170637.60480.04546540509
0958+474,9:58:19.671648,+47:25:07.842500,X,C X,8.882293,2020-04-22,J0958+4725,4.48750001960434,C,https://data.nrao.edu/portal/#/productViewer/20A-392.sb38043692.eb38043835.58961.95115936342
0958+655,9:58:47.245101,+65:33:54.818060,X,KA X,4.502563,2019-12-10,J0958+6533 CG,1.994166683871299,D,https://data.nrao.edu/portal/#/productViewer/19B-196.sb37403057.eb37578130.58827.34309657407
1006+349,10:06:01.750000,+34:54:10.400000,L,S,3.708305,2024-02-23,J1006+3454,3.656666656024754,C,https://data.nrao.edu/portal/#/productViewer/24A-164.sb45219943.eb45278280.60363.50562447916
1008+075,10:08:00.016000,+7:30:16.552000,L,L,2.323126,2022-09-02,J1008+0730,18.449166698846966,D,https://data.nrao.edu/portal/#/productViewer/22A-099.sb42368485.eb42568846.59824.70339501157
1010+828,10:10:15.783046,+82:50:14.384080,C,C,48.687927,2025-01-23,J0854+2006,13.280000011436641,A,https://data.nrao.edu/portal/#/productViewer/24B-010.sb47389214.eb47520676.60698.14580670139
1013+248,10:13:53.428737,+24:49:16.441100,C,C X,7.290859,2023-11-10,J1013+2449_X,7.910833319183439,D,https://data.nrao.edu/portal/#/productViewer/23B-010.sb44639066.eb44793969.60258.44113553241
1014+230,10:14:47.065445,+23:01:16.570910,C,C L S X,86.244865,2024-11-09,J1033+4116,11.219166676746681,A,https://data.nrao.edu/portal/#/productViewer/24B-448.sb47189163.eb47228666.60623.681308009254
1016+206,10:16:44.322063,+20:37:47.305260,C,C,10.925944,2017-09-02,J1016+2037,8.227500007487833,B,https://data.nrao.edu/portal/#/productViewer/17B-197.sb34262644.eb34312841.57998.74707189815
1018-317,10:18:09.267500,-31:44:13.983000,L,C L,12.176663,2018-12-16,J1018-3144,18.783333386527374,C,https://data.nrao.edu/portal/#/productViewer/18B-274.sb35645239.eb36033456.58468.430235567124
1018+357,10:18:10.988079,+35:42:39.441310,C,C,23.453775,2020-08-25,J1018+3542,10.65500000026077,B,https://data.nrao.edu/portal/#/productViewer/20A-182.sb38293767.eb38598241.59086.658039016205
1024-008,10:24:29.586611,-0:52:55.497850,L,L,3.770696,2016-12-06,J1024-0052,7.480833336012438,A,https://data.nrao.edu/portal/#/productViewer/16B-370.sb33055227.eb33063422.57728.430986666666
1033+412,10:33:03.707841,+41:16:06.232970,L,L,10.185285,2023-08-10,J1033+4116,3.4900000237394124,A,https://data.nrao.edu/portal/#/productViewer/23A-232.sb44373460.eb44412470.60166.94868986111
1033+395,10:33:22.060988,+39:35:51.083370,X,X,14.901209,2019-08-08,J1033+3935,4.65416667284444,A,https://data.nrao.edu/portal/#/productViewer/19A-223.sb36952012.eb37038872.58703.076421817124
1035+564,10:35:07.039900,+56:28:46.792000,L,L,3.312432,2017-06-11,J1035+5628,12.465816638432443,C,https://data.nrao.edu/portal/#/productViewer/17A-296.sb33813768.eb33916632.57915.92144484953
1037-295,10:37:16.079734,-29:34:02.813220,L,C L S,50.441464,2022-06-19,J1037-2934,19.780000011669472,A,https://data.nrao.edu/portal/#/productViewer/22A-233.sb41302011.eb41863981.59748.990776597224
1044+809,10:44:23.062554,+80:54:39.443030,C,C,13.353856,2024-01-24,J1044+8054,14.825833310605958,C,https://data.nrao.edu/portal/#/productViewer/23B-041.sb44952728.eb45179764.60333.33735652777
1048-191,10:48:06.620606,-19:09:35.726950,C,C KU X,42.298563,2018-03-24,J1048-1909,6.980833334382623,A,https://data.nrao.edu/portal/#/productViewer/18A-357.sb34822514.eb35249699.58201.15133572917
1048+717,10:48:27.619917,+71:43:35.938280,C,X,4.143998,2020-10-04,J1048+7143,9.93916669394821,B,https://data.nrao.edu/portal/#/productViewer/20B-419.sb38674992.eb38690358.59126.65823767361
1051-316,10:51:04.777538,-31:38:14.307410,X,X,0.263777,2016-11-17,J1051-3138,4.985833332175389,A,https://data.nrao.edu/portal/#/productViewer/16B-069_sb32991151_1.57709.66087045139
1051+213,10:51:48.789073,+21:19:52.314110,C,C K X,1.429079,2019-11-19,J1125+2610,8.475833314005286,D,https://data.nrao.edu/portal/#/productViewer/18B-316.sb37532172.eb37535740_000.58806.759674016204
1056+701,10:56:53.617492,+70:11:45.915850,C,X,3.664517,2021-11-02,J1056+7011,10.47083331621252,B,https://data.nrao.edu/portal/#/productViewer/21B-358.sb40926235.eb40941793.59520.526829814815
1057-245,10:57:55.410047,-24:33:48.871750,L,L S,7.905568,2017-08-25,J1057-2433,11.967500016326085,C,https://data.nrao.edu/portal/#/productViewer/17B-388.sb34154645.eb34218619.57990.749118611115
1102+279,11:02:14.288458,+27:57:08.689940,C,C,20.088415,2023-09-09,J1102+2757,5.485833354759961,A,https://data.nrao.edu/portal/#/productViewer/23A-361.sb44228261.eb44512568.60196.71140251157
1107-448,11:07:08.694135,-44:49:07.618440,L,C L S X,35.704374,2021-01-13,J1051-3138,17.719166656024754,A,https://data.nrao.edu/portal/#/productViewer/20B-279.sb38962541.eb39226421.59227.371340300924
1109+377,11:09:28.871800,+37:44:30.924000,X,X,68.820648,2024-03-03,J1016+2037,10.05583334597759,C,https://data.nrao.edu/portal/#/productViewer/24A-309.sb45204118.eb45291971.60372.14676832176
1111+199,11:11:20.065806,+19:55:36.001090,L,L,6.436425,2019-09-06,J1111+1955,6.980000016046688,A,https://data.nrao.edu/portal/#/productViewer/19A-017.sb37095933.eb37200863.58732.74825429398
1112-219,11:12:49.848703,-21:58:29.351860,L,L S,12.488127,2019-10-15,J1112-2158,5.983333328040317,A,https://data.nrao.edu/portal/#/productViewer/19A-380.sb37144062.eb37369838.58771.75039190972
1113+147,11:13:58.695097,+14:42:26.952620,X,X,21.603483,2019-08-02,J1125+2610,4.322499992558733,A,https://data.nrao.edu/portal/#/productViewer/19A-160.sb36851282.eb36999194.58696.998375324074
1119-030,11:19:25.300000,-3:02:51.320000,L,L,4.747018,2018-10-15,J1119-0302,7.894183318130672,D,https://data.nrao.edu/portal/#/productViewer/18A-146.sb35436224.eb35644134.58406.598292361115
1122+180,11:22:29.711471,+18:05:26.343400,C,C KU X,25.398512,2023-03-07,J1122+1805,7.396666654385626,B,https://data.nrao.edu/portal/#/productViewer/20B-377.sb43675442.eb43699633.60010.20037074074
1125+261,11:25:53.711925,+26:10:19.978680,L,C KU S,2.0351,2019-08-21,J1125+2610,8.476666695205495,A,https://data.nrao.edu/portal/#/productViewer/18B-316.sb37052836.eb37095238.58716.01991565972
1130-148,11:30:07.052580,-14:49:27.388160,L,C L S X,10.426423,2018-11-21,J1130-1449,10.787499994039536,C,https://data.nrao.edu/portal/#/productViewer/18B-373.sb35864264.eb35923810.58443.637368275464
1130+382,11:30:53.282612,+38:15:18.547070,L,S,10.162558,2023-07-26,J1130+3815,3.4900000132620335,A,https://data.nrao.edu/portal/#/productViewer/23A-232.sb44373365.eb44380176.60151.03667774306
1145-228,11:45:22.046820,-22:50:31.342980,X,K KA KU X,85.18273,2022-10-10,J1039-1541,12.965833267662674,C,https://data.nrao.edu/portal/#/productViewer/22B-034.sb42820540.eb42897307.59862.601953854166
1146-247,11:46:08.103374,-24:47:32.896810,L,C L,22.641278,2019-10-04,J0943-0819,9.474166670115665,A,https://data.nrao.edu/portal/#/productViewer/19A-323.sb36251967.eb37329535.58760.750513125
1146-289,11:46:26.188639,-28:59:18.504680,C,C X,95.541678,2017-11-28,J1058+0133,5.5508332955650985,B,https://data.nrao.edu/portal/#/productViewer/17B-165.sb34219564.eb34752672.58085.55238447917
1146+399,11:46:58.297907,+39:58:34.304610,L,S,10.730743,2016-12-04,J1146+3958,4.487499988172203,A,https://data.nrao.edu/portal/#/productViewer/16B-086.sb32939000.eb33061496.57726.69281638889
1147-382,11:47:01.370704,-38:12:11.023530,L,S,6.022289,2024-09-07,J1147-3812,3.325833356939256,B,https://data.nrao.edu/portal/#/productViewer/24A-483.sb46487465.eb46494485.60560.78258759259
1147-074,11:47:51.554036,-7:24:41.141090,L,S,12.409582,2021-10-25,J1147-0724,7.479166678385809,B,https://data.nrao.edu/portal/#/productViewer/21B-235.sb40165882.eb40887135.59512.642343576386
1150+242,11:50:19.212173,+24:17:53.835030,C,C,7.361201,2018-12-27,J1150+2417,9.972483334131539,C,https://data.nrao.edu/portal/#/productViewer/18A-176.sb36078178.eb36085249.58479.359806875
1150-003,11:50:43.870761,-0:23:54.204900,L,L,3.048794,2018-09-09,J1150-0023,11.9683333451394,D,https://data.nrao.edu/portal/#/productViewer/18A-074.sb35417086.eb35598661.58370.65209020833
1153+495,11:53:24.466626,+49:31:08.830140,KU,KU L X,28.367699,2020-07-10,J1153+4931,6.232499963371083,B,https://data.nrao.edu/portal/#/productViewer/20A-275.sb38457323.eb38471676.59040.87605207176
1154-350,11:54:21.794900,-35:05:28.992000,L,L,17.784607,2024-08-25,J1154-3505,15.95666668144986,B,https://data.nrao.edu/portal/#/productViewer/24A-228.sb46037008.eb46418865.60547.90824392361
1156+314,11:56:18.732100,+31:28:04.305000,L,L,9.646724,2023-11-12,J1156+3128,7.978333330247551,D,https://data.nrao.edu/portal/#/productViewer/23B-079.sb44690973.eb44797274.60260.84528259259
1158+248,11:58:25.787505,+24:50:17.963690,L,L,16.059951,2017-01-18,J1158+2450,9.14333332912065,A,https://data.nrao.edu/portal/#/productViewer/16B-104.sb32746265.eb33346103.57771.53339534722
1159+292,11:59:31.833911,+29:14:43.826940,C,C,8.974261,2018-04-28,J1159+2914,10.138333307113498,A,https://data.nrao.edu/portal/#/productViewer/18A-207.sb35016800.eb35372470.58236.03935226852
1159-218,11:59:51.906135,-21:48:53.707610,C,C X,20.622559,2020-02-18,J1159-2148,8.195000005653128,C,https://data.nrao.edu/portal/#/productViewer/20A-357.sb37890532.eb37922756.58897.40151626157
1206+642,12:06:24.686800,+64:13:37.340000,L,L,1.457616,2017-03-28,J1120+1420,3.157500014640391,D,https://data.nrao.edu/portal/#/productViewer/17A-396_sb33611387_1_1_009.57840.29095847222
1207+279,12:07:27.900475,+27:54:58.849970,X,X,19.861207,2018-06-08,J1207+2754,6.897499992046505,A,https://data.nrao.edu/portal/#/productViewer/18A-487.sb35467021.eb35477289.58277.19298734954
1209-241,12:09:02.445128,-24:06:20.759560,X,X,11.503304,2023-04-28,J1209-2406,6.316666634520516,B,https://data.nrao.edu/portal/#/productViewer/23A-389.sb43721899.eb43832395.60062.28262629629
1209-322,12:09:40.056300,-32:14:52.837000,X,X,11.723888,2023-04-30,J1209-3214,7.4799999967217445,B,https://data.nrao.edu/portal/#/productViewer/23A-002.sb43071043.eb43832931.60064.11118541667
1215+348,12:15:55.601049,+34:48:15.220530,L,L,10.183932,2016-09-22,J1215+3448,4.985833353130147,B,https://data.nrao.edu/portal/#/productViewer/16A-260.sb32210981.eb32812181.57653.031409675925
1219+484,12:19:06.414733,+48:29:56.164970,L,L,1.498171,2017-03-28,J1206+6413,4.65416667284444,D,https://data.nrao.edu/portal/#/productViewer/17A-396_sb33611387_1_1_007.57840.0830209375
1221+282,12:21:31.690515,+28:13:58.500260,L,L,9.088467,2019-11-19,J1221+2813,5.984166656853631,D,https://data.nrao.edu/portal/#/productViewer/19B-183.sb37499964.eb37535760.58806.78079791667
1224+035,12:24:52.421938,+3:30:50.292910,C,C,7.719005,2018-04-18,J1224+0330,10.13916666735895,A,https://data.nrao.edu/portal/#/productViewer/18A-207.sb35016952.eb35349698.58226.073421030094
1224+213,12:24:54.458387,+21:22:46.388610,C,C,8.10915,2021-07-27,J1224+2122,16.45416669663973,C,https://data.nrao.edu/portal/#/productViewer/20B-057.sb40008389.eb40013263.59422.805578831016
1227+365,12:27:58.725446,+36:35:11.827350,L,S X,3.607307,2023-10-24,J1227+3635_S,6.930833322694525,D,https://data.nrao.edu/portal/#/productViewer/23B-010.sb44612948.eb44735077.60241.5411727662
1239+075,12:39:24.588312,+7:30:17.189090,C,C,5.964102,2017-10-26,J1239+0730,2.9908333299681544,B,https://data.nrao.edu/portal/#/productViewer/17B-027.sb34127179.eb34632765.58052.60135188657
1246-075,12:46:04.232113,-7:30:46.574500,L,C L S X,11.849635,2020-07-03,J1246-0730,10.969166691647843,B,https://data.nrao.edu/portal/#/productViewer/SC1068.sb38427539.eb38434922.59032.994057986114
1246-257,12:46:46.802040,-25:47:49.288830,X,KU X,87.86212,2017-09-25,J1246-2547,14.959166622720659,B,https://data.nrao.edu/portal/#/productViewer/17A-374.sb34331065.eb34501859.58021.82762146991
1248-199,12:48:23.898197,-19:59:18.587620,L,S,6.77643,2023-05-21,J1248-1959,7.8949833288788795,B,https://data.nrao.edu/portal/#/productViewer/23A-383.sb43774043.eb43985460.60085.22784847222
1254+116,12:54:38.255601,+11:41:05.895070,L,L,1.457616,2017-03-28,J1120+1420,3.157500014640391,D,https://data.nrao.edu/portal/#/productViewer/17A-396_sb33611387_1_1_009.57840.29095847222
1257-319,12:57:59.060804,-31:55:16.851850,C,C,16.290836,2022-07-31,J1257-3155,6.981666631763801,D,https://data.nrao.edu/portal/#/productViewer/22A-198.sb42432232.eb42469807.59791.969904537036
1258-223,12:58:54.478780,-22:19:31.125450,C,C S,12.671322,2018-05-01,J1258-2219,7.8133333451114595,A,https://data.nrao.edu/portal/#/productViewer/17B-425.sb35376461.eb35378532.58239.269184363424
1305-105,13:05:33.015026,-10:33:19.428210,C,C,14.708489,2023-05-13,J1246-0730,9.457500010030344,B,https://data.nrao.edu/portal/#/productViewer/23A-038.sb43087243.eb43916394.60077.34792020833
1308+357,13:08:23.698700,+35:46:37.246000,X,X,22.338621,2019-08-23,J1308+3546,4.1725000098813325,A,https://data.nrao.edu/portal/#/productViewer/19A-223.sb36957004.eb37109477.58718.96527208333
1309+119,13:09:33.932431,+11:54:24.552420,C,C,5.164389,2017-04-08,J1309+1154,7.9791666904930025,D,https://data.nrao.edu/portal/#/productViewer/17A-346.sb33618804.eb33643361_001.57851.16843053241
1310+323,13:10:28.663845,+32:20:43.782950,L,S,10.706742,2016-11-25,J1310+3220,4.487483318662271,A,https://data.nrao.edu/portal/#/productViewer/16B-086.sb32939343.eb33039567.57717.68079039352
1311-222,13:11:39.334700,-22:16:41.748000,L,L,15.941742,2017-02-15,J1146-2447,4.986666671466082,D,https://data.nrao.edu/portal/#/productViewer/17A-083.sb33453912.eb33531975.57799.361509236114
1313+675,13:13:27.984800,+67:35:50.376000,L,L,4.81744,2020-09-29,J1313+6735,9.939166662516072,B,https://data.nrao.edu/portal/#/productViewer/20B-419.sb38674664.eb38678588.59121.42539103009
1313+549,13:13:37.852959,+54:58:23.894700,L,L,19.247306,2023-08-14,J1313+5458,4.9849999928846955,A,https://data.nrao.edu/portal/#/productViewer/23A-324.sb44160061.eb44415030.60170.04249369213
1316-336,13:16:07.985939,-33:38:59.172500,L,L,15.393138,2024-03-01,J1316-3338,18.94833331927657,C,https://data.nrao.edu/portal/#/productViewer/24A-308.sb44879330.eb45290683.60370.377923611115
1326+319,13:26:16.512212,+31:54:09.515380,L,C L,30.760964,2019-10-11,J1326+3154,13.963333315914497,A,https://data.nrao.edu/portal/#/productViewer/19A-082.sb36982606.eb37356771.58767.98009038194
1327+221,13:27:00.861311,+22:10:50.163060,L,L,4.027284,2024-05-02,J1327+2210,10.138333338545635,B,https://data.nrao.edu/portal/#/productViewer/24A-078.sb45367651.eb45804068.60432.45140842593
1335+457,13:35:21.962238,+45:42:38.231340,X,X,17.809628,2019-09-14,J1335+5844,3.5899999947287142,A,https://data.nrao.edu/portal/#/productViewer/19A-160.sb36887481.eb37257513.58740.61971653935
1335+587,13:35:25.928464,+58:44:00.291200,X,X,17.809628,2019-09-14,J1335+5844,3.5899999947287142,A,https://data.nrao.edu/portal/#/productViewer/19A-160.sb36887481.eb37257513.58740.61971653935
1347+122,13:47:33.361645,+12:17:24.238900,L,L,4.214578,2017-05-14,J1347+1217,7.396666706772521,D,https://data.nrao.edu/portal/#/productViewer/17A-210.sb33328551.eb33758328.57887.20416579861
1349+536,13:49:34.656623,+53:41:17.040280,C,C X,7.832663,2022-08-06,J1349+5341,7.730000044684857,D,https://data.nrao.edu/portal/#/productViewer/22A-091.sb42184915.eb42479726.59797.00836903935
1351-148,13:51:52.649611,-14:49:14.555740,L,L,19.045941,2020-04-23,J1351-1449,17.95083335484378,C,https://data.nrao.edu/portal/#/productViewer/20A-123.sb37868013.eb38044547.58962.25089949074
1352-442,13:52:56.534916,-44:12:40.387480,X,X,14.484013,2023-01-25,J1432-1801,8.4766666428186,B,https://data.nrao.edu/portal/#/productViewer/23A-002.sb43076227.eb43523479.59969.52863261574
1354-021,13:54:06.895319,-2:06:03.190510,L,L,4.075326,2020-05-20,J1354-0206,14.459983395645395,C,https://data.nrao.edu/portal/#/productViewer/19B-343.sb38129329.eb38177179.58989.054084918986
1356-343,13:56:05.383600,-34:21:10.824000,X,KA X,45.835463,2018-04-09,J1427-4206-gai,9.058333318680525,A,https://data.nrao.edu/portal/#/productViewer/16B-359.sb35221098.eb35282915.58217.32270579861
1357-177,13:57:06.074200,-17:44:01.904130,C,X,44.308913,2016-12-22,J1357-1744,8.659166658762842,A,https://data.nrao.edu/portal/#/productViewer/16B-084.sb32877724.eb33099740.57744.61861943287
1357+767,13:57:55.371519,+76:43:21.051110,X,KU X,15.656852,2016-10-23,J1357+7643,2.710000011138618,A,https://data.nrao.edu/portal/#/productViewer/16B-376.sb32937470.eb32964324.57684.57664788194
1400+621,14:00:28.652600,+62:10:38.526000,L,L,5.595439,2022-08-09,J1400+6210,14.875000066822395,D,https://data.nrao.edu/portal/#/productViewer/22A-431.sb42128367.eb42498952.59800.14593054398
1404+658,14:04:05.276000,+65:51:37.516000,L,L,285.369955,2022-12-16,J1404+6551,19.944166720379144,C,https://data.nrao.edu/portal/#/productViewer/22B-066.sb42878391.eb43107735.59929.51701603009
1407+284,14:07:00.394410,+28:27:14.689980,L,C KU S,1.621999,2019-11-19,J1125+2610,8.476666695205495,D,https://data.nrao.edu/portal/#/productViewer/18B-316.sb37532172.eb37535740.58806.7596740625
1408-078,14:08:56.481200,-7:52:26.666330,C,C X,22.881512,2022-07-28,J1408-0752,3.4900000132620335,D,https://data.nrao.edu/portal/#/productViewer/22A-378.sb42366037.eb42462898.59788.013507881944
1409-269,14:09:50.169776,-26:57:36.979720,X,C X,13.643795,2020-05-27,J1409-2657,7.561666681431234,C,https://data.nrao.edu/portal/#/productViewer/20A-492.sb38163369.eb38220937.58996.18955887732
1411+522,14:11:20.647700,+52:12:09.141000,L,L,4.747018,2018-10-15,J1119-0302,7.894183318130672,D,https://data.nrao.edu/portal/#/productViewer/18A-146.sb35436224.eb35644134.58406.598292361115
1415+133,14:15:58.817499,+13:20:23.712600,L,L,8.023927,2018-04-26,J1415+1320,5.900833335472271,A,https://data.nrao.edu/portal/#/productViewer/18A-316.sb35193481.eb35370801.58234.286988657404
1416+347,14:16:04.186239,+34:44:36.427560,L,L,4.351626,2024-08-09,J1416+3444,10.338333343388513,B,https://data.nrao.edu/portal/#/productViewer/24A-275.sb45388945.eb46328406.60531.836046157405
1419+064,14:19:08.180173,+6:28:34.803490,L,L,10.556105,2023-11-07,J1419+0628,8.975000007776543,D,https://data.nrao.edu/portal/#/productViewer/23B-079.sb44747441.eb44774577.60255.897367881946
1430+107,14:30:09.738791,+10:43:26.861970,C,C,7.037817,2019-08-28,J1430+1043,9.939166672993451,A,https://data.nrao.edu/portal/#/productViewer/19A-143.sb36881424.eb37136984.58723.09133768518
1432-180,14:32:57.690643,-18:01:35.248850,X,X,10.779009,2023-03-17,J1432-1801,8.476666653295979,B,https://data.nrao.edu/portal/#/productViewer/23A-002.sb43350173.eb43723581.60020.40279486111
1435+760,14:35:47.104180,+76:05:25.860910,L,C L,17.683607,2019-09-14,J1435+7605,6.482499990379438,A,https://data.nrao.edu/portal/#/productViewer/19A-323.sb37229054.eb37257511.58740.5729549074
1436+233,14:36:40.981113,+23:21:03.259730,C,C,5.826213,2022-12-26,J1436+2321,9.80666664778255,C,https://data.nrao.edu/portal/#/productViewer/22B-106.sb43062321.eb43163869.59939.65989912037
1436+636,14:36:45.802138,+63:36:37.866580,X,C K X,9.179246,2016-09-15,J1436+6336,9.639166676206514,B,https://data.nrao.edu/portal/#/productViewer/16B-318.sb32751362.eb32773290.57646.13711486111
1438-220,14:38:09.469425,-22:04:54.748090,C,C KU L S X,71.016209,2023-11-09,J1438-2204,59.837499966379255,D,https://data.nrao.edu/portal/#/productViewer/23B-050.sb44774031.eb44778535.60257.654525509264
1438+621,14:38:44.787300,+62:11:54.397000,L,C S,5.947422,2019-01-07,J1438+6211,5.318316692719236,C,https://data.nrao.edu/portal/#/productViewer/18B-229.sb35926973.eb36095962.58490.61836706019
1439-169,14:39:28.674900,-16:59:03.082000,L,L,6.40847,2017-05-06,J1150-0023,6.9808333239052445,D,https://data.nrao.edu/portal/#/productViewer/17A-025.sb33376400.eb33715217.57879.24747811342
1445+099,14:45:16.465213,+9:58:36.072440,L,L,3.590398,2017-02-21,J1445+0958,6.980833344860002,D,https://data.nrao.edu/portal/#/productViewer/17A-004.sb33239358.eb33548001.57805.655359861106
1445-164,14:45:53.376319,-16:29:01.619120,X,K X,36.904094,2017-06-15,J1239-1023,3.9891666860785335,C,https://data.nrao.edu/portal/#/productViewer/17A-267.sb33792049.eb33927660.57919.04582113426
1448-163,14:48:15.054162,-16:20:24.548880,L,C S,7.957122,2022-10-25,J1448-1620,8.310833339346573,C,https://data.nrao.edu/portal/#/productViewer/22B-114.sb42825509.eb42953206.59877.74354417824
1459+716,14:59:07.583867,+71:40:19.867740,L,L S,11.204613,2018-11-23,J1459+7140,17.452500010840595,C,https://data.nrao.edu/portal/#/productViewer/18B-099.sb35749446.eb35934408.58445.46521650463
1500+478,15:00:48.654199,+47:51:15.538260,X,X,9.103435,2023-04-11,J1500+4751,5.983333328040317,B,https://data.nrao.edu/portal/#/productViewer/23A-002.sb43137511.eb43796986.60045.49829405092
1504+104,15:04:24.979783,+10:29:39.198650,L,S,10.374717,2021-10-17,J1504+1029,5.236666646087542,B,https://data.nrao.edu/portal/#/productViewer/21B-235.sb40152750.eb40729163.59504.62597114583
1505+034,15:05:06.477161,+3:26:30.812610,C,C,6.534339,2021-05-28,J1505+0326,7.479166709817946,D,https://data.nrao.edu/portal/#/productViewer/20B-149.sb39717753.eb39723176.59362.25407098379
1510-057,15:10:53.591431,-5:43:07.417180,L,L,5.084151,2018-10-11,J1510-0543,8.891666696872562,D,https://data.nrao.edu/portal/#/productViewer/18A-146.sb35429203.eb35638628.58402.8158630324
1513+236,15:13:40.185630,+23:38:35.200460,L,S,5.83163,2024-12-21,J1513+2338,6.481666672043502,A,https://data.nrao.edu/portal/#/productViewer/24B-293.sb46742521.eb47431052.60665.65334321759
1513-102,15:13:44.893444,-10:12:00.264350,C,C,5.680477,2018-11-27,J1513-1012,8.476666684728116,C,https://data.nrao.edu/portal/#/productViewer/18B-126.sb35699778.eb35943023.58449.65066706018
1516+002,15:16:40.219072,+0:15:01.908960,KU,KU X,16.926745,2016-10-26,J1516+0015,2.6591666706372052,A,https://data.nrao.edu/portal/#/productViewer/16B-353.sb32868399.eb32970942.57687.946495324075
1516+195,15:16:56.796194,+19:32:12.991870,X,X,19.597533,2019-09-28,J1516+1932,5.350833332631737,A,https://data.nrao.edu/portal/#/productViewer/19A-223.sb36959979.eb37291985.58754.086678657404
1517-243,15:17:41.813132,-24:22:19.475940,C,C KU L S X,45.490485,2023-02-28,J1517-2422,14.126666601514444,B,https://data.nrao.edu/portal/#/productViewer/20B-377.sb43659818.eb43662722.60003.4348566088
1520+202,15:20:05.489700,+20:16:05.611000,L,L,1.590703,2017-08-09,J1206+6413,1.6616666642948985,C,https://data.nrao.edu/portal/#/productViewer/17A-396_sb33611387_1_1_003.57974.11900796296
1522-275,15:22:37.675991,-27:30:10.785430,L,L,13.378226,2019-09-07,J1522-2730,23.43583337031305,A,https://data.nrao.edu/portal/#/productViewer/19A-130.sb36178080.eb37212773.58733.88269438657
1526-138,15:26:59.440733,-13:51:00.163560,L,L S,7.872439,2020-02-20,J1526-1351,9.225000003352761,C,https://data.nrao.edu/portal/#/productViewer/20A-365.sb37909790.eb37932011.58899.53130584491
1534+015,15:34:52.453675,+1:31:04.206570,L,L X,26.772126,2016-10-26,J1505+0326,12.715833366382867,A,https://data.nrao.edu/portal/#/productViewer/16B-349.sb32958476.eb32969833.57686.95527731482
1538+003,15:38:15.953081,+0:19:05.324150,C,X,6.92279,2020-02-14,J1538+0019,3.7066666572354734,C,https://data.nrao.edu/portal/#/productViewer/20A-363.sb37597102.eb37917458.58893.38856366898
1543-079,15:43:01.687567,-7:57:06.629160,L,S,24.501469,2024-11-24,J1543-0757,65.8208333782386,A,https://data.nrao.edu/portal/#/productViewer/24B-221.sb46802951.eb47304410_000.60638.68551289351
1546+004,15:46:09.531474,+0:26:24.614080,L,S,19.925543,2025-01-10,J1546+0026,9.307499995920807,A,https://data.nrao.edu/portal/#/productViewer/24B-418.sb47303734.eb47461253.60685.6006174537
1549+506,15:49:17.468534,+50:38:05.788200,L,L,6.728687,2020-07-19,J1549+5038,9.939166652038693,B,https://data.nrao.edu/portal/#/productViewer/20A-128.sb38351722.eb38515232.59049.15809359954
1557-000,15:57:51.433973,-0:01:50.413710,L,S X,3.490686,2020-02-06,J1557-0001,7.978316660737619,C,https://data.nrao.edu/portal/#/productViewer/20A-223.sb37736051.eb37883217.58885.55151452546
1602+334,16:02:07.263468,+33:26:53.072670,L,L,5.551234,2018-10-05,J1602+3326,6.897500002523884,D,https://data.nrao.edu/portal/#/productViewer/18A-146.sb35431248.eb35631616.58396.82489137731
1604+012,16:04:45.291700,+1:17:51.222000,L,L,38.043891,2018-09-07,J1604+0117,16.869999995687976,D,https://data.nrao.edu/portal/#/productViewer/18A-226.sb35590571.eb35598610.58368.85633003472
1609+266,16:09:13.320753,+26:41:29.036380,L,L,2.112113,2020-02-22,J1609+2641,6.315833326661959,C,https://data.nrao.edu/portal/#/productViewer/20A-410.sb37925703.eb37936285.58901.443956689815
1613+342,16:13:41.064249,+34:12:47.909090,L,S,5.160309,2024-03-24,J1613+3412,5.983333338517696,C,https://data.nrao.edu/portal/#/productViewer/24A-363.sb45136551.eb45321744.60393.596757928244
1616+049,16:16:37.556816,+4:59:32.736630,C,C X,36.358462,2022-10-23,J1616+0459,13.794999952660874,C,https://data.nrao.edu/portal/#/productViewer/22B-224.sb42585928.eb42948955.59875.916023530095
1617+027,16:17:49.908132,+2:46:43.105200,X,C X,14.053013,2020-07-01,J1617+0246,6.981666652718559,B,https://data.nrao.edu/portal/#/productViewer/20A-292.sb38368147.eb38424371.59031.11037740741
1623-116,16:23:59.517000,-11:40:43.790000,L,L X,35.708457,2020-04-03,J1743-0350,16.205000029876828,C,https://data.nrao.edu/portal/#/productViewer/SC1046.sb37924330.eb38014133.58942.4204050463
1624+576,16:24:24.807563,+57:41:16.280790,X,KA X,22.851141,2017-03-01,J1624+5741,5.784150013932958,D,https://data.nrao.edu/portal/#/productViewer/17A-362.sb33372533.eb33569323.57813.549384872684
1625+415,16:25:57.669700,+41:34:40.629220,C,C L,7.556757,2020-06-25,J1625+4134,7.146666700718924,B,https://data.nrao.edu/portal/#/productViewer/20A-317.sb38300607.eb38375026.59025.12802957176
1626-298,16:26:06.020843,-29:51:26.971080,L,L X,15.495142,2019-08-26,J1626-2951,6.149999991757795,A,https://data.nrao.edu/portal/#/productViewer/19A-446.sb36865329.eb37113423.58721.00322827546
1634+627,16:34:33.802900,+62:45:35.903000,L,C S,5.913417,2019-01-25,J1634+6245,4.985833300743252,C,https://data.nrao.edu/portal/#/productViewer/18B-229.sb35927429.eb36163928.58508.373852766206
1635+381,16:35:15.492973,+38:08:04.500600,L,L,9.612098,2020-06-28,J1635+3808,10.18916666856967,B,https://data.nrao.edu/portal/#/productViewer/20A-251.sb38358730.eb38413180.59028.33456662037
1638+625,16:38:28.205800,+62:34:44.318000,L,C L S X,68.089584,2019-11-10,J1549+5038,11.967500037280843,D,https://data.nrao.edu/portal/#/productViewer/19A-422.sb37477691.eb37511660.58797.787407615746
1640+397,16:40:29.632771,+39:46:46.028540,C,C L,8.598516,2020-12-29,J1640+3946,3.0749833316076547,A,https://data.nrao.edu/portal/#/productViewer/20B-158.sb38967973.eb39207505.59212.7415178125
1640+123,16:40:47.938850,+12:20:02.078870,L,C S,10.561277,2019-11-16,J1640+1220,5.56833331589587,D,https://data.nrao.edu/portal/#/productViewer/19B-252.sb37264435.eb37528258.58803.66188017361
1651+014,16:51:03.662382,+1:29:23.458780,X,C L S X,19.382795,2022-01-10,J1651+014,12.731666676700115,B,https://data.nrao.edu/portal/#/productViewer/21B-322.sb41070688.eb41125308.59589.70196006945
1653+397,16:53:52.216688,+39:45:36.608900,X,C L S X,13.217687,2022-11-20,J1653+3945,10.13916666735895,C,https://data.nrao.edu/portal/#/productViewer/22B-003.sb42779900.eb43001766.59903.71639168981
1657+481,16:57:46.878947,+48:08:33.041080,X,C X,26.104792,2022-07-30,J1800+7828,5.319166649132967,D,https://data.nrao.edu/portal/#/productViewer/22A-378.sb42344392.eb42468874.59790.170360856486
1658+076,16:58:09.011458,+7:41:27.540720,C,C S,29.918578,2022-03-08,J1658+0741,10.470833347644657,A,https://data.nrao.edu/portal/#/productViewer/22A-230.sb41499204.eb41633132.59646.371582499996
1707+018,17:07:34.415277,+1:48:45.699230,X,C KU X,85.014962,2019-08-13,J1239+0730,3.4899999818298966,A,https://data.nrao.edu/portal/#/productViewer/19A-168.sb36995118.eb37057151.58708.052147615745
1714-252,17:14:47.857000,-25:14:35.144000,L,L,7.081702,2016-09-01,J1714-2514,13.213333318708465,B,https://data.nrao.edu/portal/#/productViewer/S91005.sb32550480.eb32659406.57632.09222305556
1719+177,17:19:13.048469,+17:45:06.436980,X,X,13.852363,2016-09-28,J1719+1745,11.969166632043198,B,https://data.nrao.edu/portal/#/productViewer/15A-235.sb32859381.eb32860575.57658.99386342593
1727+455,17:27:27.650808,+45:30:39.731390,L,L,13.647988,2018-01-28,J1727+4530,7.4799999967217445,B,https://data.nrao.edu/portal/#/productViewer/17B-264.sb34427032.eb34961501.58146.86166513889
1728+044,17:28:24.952716,+4:27:04.914010,C,C X,39.545393,2019-03-26,J1728+0427,5.734166682232171,B,https://data.nrao.edu/portal/#/productViewer/19A-166.sb36383229.eb36520137.58568.57854001157
1734+094,17:34:58.376995,+9:26:58.260060,L,L S,28.060803,2021-02-18,J1734+0926,6.316666676430032,A,https://data.nrao.edu/portal/#/productViewer/20B-375.sb38884269.eb39315491.59263.453255127315
1735+362,17:35:48.086675,+36:16:45.611390,X,C X,24.049579,2022-07-28,J1716+2152,11.635833325562999,D,https://data.nrao.edu/portal/#/productViewer/22A-378.sb42425517.eb42462900.59788.0504884838
1735+508,17:35:49.005180,+50:49:11.565860,X,X,32.517607,2019-09-02,J1745+1720,6.581666653510183,A,https://data.nrao.edu/portal/#/productViewer/19A-223.sb36958609.eb37164762.58728.26338967592
1739+476,17:39:57.129066,+47:37:58.361210,L,C L,12.136055,2019-06-23,J1739+4737,6.481666661566123,B,https://data.nrao.edu/portal/#/productViewer/19A-425.sb36340822.eb36807423.58657.96280179398
1740+521,17:40:36.977850,+52:11:43.407500,C,C,12.224367,2020-08-11,J1740+5211,18.99833333096467,B,https://data.nrao.edu/portal/#/productViewer/20A-182.sb38309845.eb38565672.59071.99120952546
1743-038,17:43:58.856137,-3:50:04.616680,L,S,9.596936,2024-12-24,J1743-0350,5.983333307085559,A,https://data.nrao.edu/portal/#/productViewer/24B-440.sb47424476.eb47434115.60668.87390372685
1744+402,17:44:25.095896,+40:14:48.140800,L,L S,28.578035,2021-02-17,J1744+4014,6.315833368571475,A,https://data.nrao.edu/portal/#/productViewer/20B-375.sb39029474.eb39309578.59262.43850030092
1745-078,17:45:27.104000,-7:53:03.600000,L,C L,16.350923,2019-09-20,J1745-0753,7.479166657431051,A,https://data.nrao.edu/portal/#/productViewer/19A-323.sb36265665.eb37275378.58746.9592505787
1745+173,17:45:35.208181,+17:20:01.423410,L,S,44.950369,2023-03-30,J1745+1720,10.885833349311724,B,https://data.nrao.edu/portal/#/productViewer/23A-253.sb43220113.eb43763663.60033.20064221065
1753+441,17:53:22.647901,+44:09:45.686080,C,X,34.833686,2021-03-22,J1842+6809,7.397500025108457,D,https://data.nrao.edu/portal/#/productViewer/21A-183.sb39383150.eb39519499.59295.32986099537
1753+288,17:53:42.473634,+28:48:04.939080,L,L S,12.649019,2022-03-29,J1740+5211,7.379166655009612,A,https://data.nrao.edu/portal/#/productViewer/22A-314.sb41472246.eb41745690.59667.72629252315
1804+010,18:04:15.984606,+1:01:32.407340,C,C X,16.865518,2020-12-15,J1804+0101 (po,7.978333309292793,A,https://data.nrao.edu/portal/#/productViewer/20B-122.sb38982808.eb39181234.59198.69495096065
1806+698,18:06:50.680650,+69:49:28.108520,X,C KU X,87.912886,2019-08-09,J0251+4315,5.318333309842274,A,https://data.nrao.edu/portal/#/productViewer/19A-168.sb36822507.eb37043712.58704.40457760417
1822-096,18:22:28.704200,-9:38:56.835000,L,S,7.384019,2021-03-22,J1822-0938,8.476666632341221,D,https://data.nrao.edu/portal/#/productViewer/21A-111.sb39309310.eb39520049.59295.61026173611
1823+796,18:23:14.108717,+79:38:49.002450,X,C X,40.976961,2017-08-25,J1944+5448,8.145000014919788,C,https://data.nrao.edu/portal/#/productViewer/17B-294.sb34196338.eb34210137.57989.97503004629
1824+107,18:24:02.855259,+10:44:23.774010,L,L X,12.567041,2020-10-18,J1824+1044,16.47333328030072,B,https://data.nrao.edu/portal/#/productViewer/20A-439.sb38713323.eb38767930.59140.01197328704
1830-360,18:30:58.882900,-36:02:30.132000,L,L X,32.573636,2020-05-09,J1626-2951,14.71000001882203,C,https://data.nrao.edu/portal/#/productViewer/SC1046.sb37917650.eb38124045.58978.29904
1833-210,18:33:39.915000,-21:03:40.050000,L,C L,12.852601,2017-07-09,J1820-2528,6.731666699051857,C,https://data.nrao.edu/portal/#/productViewer/17A-335.sb33997221.eb34000349.57943.26858418982
1842+681,18:42:33.641636,+68:09:25.227880,C,C X,42.18018,2021-01-12,J1842+6809,15.124999999534339,A,https://data.nrao.edu/portal/#/productViewer/20B-384.sb39143067.eb39224845.59226.87749510417
1845+401,18:45:11.131495,+40:07:51.577050,L,S,18.485776,2025-01-23,J1845+4007,9.307500016875565,A,https://data.nrao.edu/portal/#/productViewer/24B-418.sb47304202.eb47522849.60698.606708182866
1845+356,18:45:35.108870,+35:41:16.726510,C,C,20.985492,2020-12-23,J1845+3541,11.968333376571536,A,https://data.nrao.edu/portal/#/productViewer/20B-149.sb39192321.eb39202618.59206.90241967593
1849+670,18:49:16.072300,+67:05:41.679930,C,C X,46.001316,2016-09-02,J1849+6705,24.965833359165117,B,https://data.nrao.edu/portal/#/productViewer/16B-386.sb32659407.eb32670133.57632.97413690972
1911-201,19:11:09.652893,-20:06:55.109070,L,L X,12.618045,2020-05-03,J1911-2006,10.175000036833808,C,https://data.nrao.edu/portal/#/productViewer/20A-439.sb38077345.eb38087032.58972.476460659724
1923-210,19:23:32.189815,-21:04:33.333080,L,L,8.450179,2017-05-26,J1923-2104,3.490833331597969,C,https://data.nrao.edu/portal/#/productViewer/17A-025.sb33772850.eb33827016.57899.509109502316
1924+334,19:24:17.483900,+33:29:29.724000,L,L,7.342772,2021-05-11,J1924+3329,15.955833342159167,D,https://data.nrao.edu/portal/#/productViewer/21A-255.sb39352719.eb39635267.59345.22033329861
1924-292,19:24:51.055957,-29:14:30.121150,L,C L,11.980252,2019-10-09,J1924-2914,5.734166671754792,A,https://data.nrao.edu/portal/#/productViewer/19A-323.sb37337663.eb37339361.58765.09057570602
1927+612,19:27:30.442628,+61:17:32.879210,L,C L,13.746653,2022-03-30,J1927+6117,9.640833323355764,A,https://data.nrao.edu/portal/#/productViewer/22A-423.sb41178301.eb41746986.59668.50978758102
1937-399,19:37:16.217362,-39:58:01.553060,L,L S,18.493975,2017-01-17,2148+069,10.970000020461157,A,https://data.nrao.edu/portal/#/productViewer/16B-306.sb33325016.eb33343439.57770.78770149306
1939-154,19:39:26.657740,-15:25:43.058320,L,C L,24.03973,2019-09-13,J1939-1525,9.224999971920624,A,https://data.nrao.edu/portal/#/productViewer/19A-323.sb37229482.eb37239617.58739.210718692135
1944+548,19:44:31.512621,+54:48:07.063080,L,L,21.933664,2021-02-27,J1944+5448,6.066666659899056,A,https://data.nrao.edu/portal/#/productViewer/20B-280.sb39344396.eb39383924.59272.759722800925
1945+709,19:45:53.519959,+70:55:48.732040,L,C L S X,79.138125,2024-11-09,J2005+7752,10.10666671791114,A,https://data.nrao.edu/portal/#/productViewer/24B-448.sb47200502.eb47228650.60622.9987609838
1949-199,19:49:53.420177,-19:57:13.330400,L,L X,13.993181,2020-03-01,J1949-1957,12.465000010561198,C,https://data.nrao.edu/portal/#/productViewer/SC1046.sb37924683.eb37952474.58909.683117939814
1950+081,19:50:05.540300,+8:07:13.981000,L,L,27.39846,2018-05-23,J1950+0807,7.545833339681849,A,https://data.nrao.edu/portal/#/productViewer/18A-275.sb34996255.eb35435362.58261.28620398148
1956-076,19:56:11.091000,-7:36:54.567000,L,L,11.307675,2023-10-30,J1956-0736,15.458333347924054,D,https://data.nrao.edu/portal/#/productViewer/23B-079.sb44661345.eb44756911.60247.01668302083
2003-328,20:03:24.116306,-32:51:45.132310,C,C X,107.601844,2017-12-10,J2101-2933,6.01749999797903,B,https://data.nrao.edu/portal/#/productViewer/17B-165.sb34408089.eb34786337.58097.91961019676
2005+778,20:05:30.998519,+77:52:43.247610,L,C L S X,79.138125,2024-11-09,J2005+7752,10.10666671791114,A,https://data.nrao.edu/portal/#/productViewer/24B-448.sb47200502.eb47228650.60622.9987609838
2006+644,20:06:17.694614,+64:24:45.417870,X,C X,31.989936,2020-05-25,J2202+4216,9.307500016875565,C,https://data.nrao.edu/portal/#/productViewer/20A-491.sb38191582.eb38219359.58994.62089556713
2007+404,20:07:44.944851,+40:29:48.604140,L,C L S X,9.534482,2017-10-24,J2007+4029,9.705833337502554,B,https://data.nrao.edu/portal/#/productViewer/17B-076.sb34125356.eb34622110.58050.11496571759
2009+724,20:09:52.303874,+72:29:19.351050,C,C,11.372965,2020-06-30,J2009+7229 BPG,1.9950000022072345,B,https://data.nrao.edu/portal/#/productViewer/19B-260.sb38409298.eb38419935.59030.17762898148
2010+333,20:10:49.706300,+33:22:13.627000,X,K X,272.570181,2022-05-22,J2010+3322,11.419999989448115,A,https://data.nrao.edu/portal/#/productViewer/22A-066.sb41335066.eb41813617.59721.26260728009
2011-067,20:11:14.215847,-6:44:03.555190,L,C S,6.393672,2018-10-14,J2011-0644,8.892149976454675,D,https://data.nrao.edu/portal/#/productViewer/18A-354.sb35368510.eb35642950.58405.96301342592
2015+371,20:15:28.733300,+37:10:59.505000,L,S,8.027754,2024-02-25,J2015+3710,12.134166638134047,C,https://data.nrao.edu/portal/#/productViewer/24A-412.sb44994315.eb45281805.60365.72064175926
2023+544,20:23:55.844024,+54:27:35.828990,L,C L,10.983198,2020-03-25,J2023+5427,14.210833325050771,C,https://data.nrao.edu/portal/#/productViewer/18B-265.sb37915291.eb37993385.58933.74739640046
2035+189,20:35:33.980400,+18:57:05.351000,L,C S X,11.457333,2019-06-19,J2049+1003,8.31000000005588,B,https://data.nrao.edu/portal/#/productViewer/19A-395.sb36787108.eb36788272.58653.331291678245
2040-251,20:40:08.772872,-25:07:46.662820,X,C X,10.19114,2020-08-08,J2040-2507,9.308333324734122,B,https://data.nrao.edu/portal/#/productViewer/20A-491.sb38193827.eb38565018.59069.2728993287
2047-026,20:47:10.351400,-2:36:22.152000,L,L S,6.786233,2019-01-18,J2047-0236,15.956666670972481,C,https://data.nrao.edu/portal/#/productViewer/18B-028.sb35923574.eb36138932.58501.838387337964
2101-295,21:01:01.659969,-29:33:27.836500,X,L X,14.752729,2017-08-20,J2101-2933,6.232499973848462,C,https://data.nrao.edu/portal/#/productViewer/17B-384.sb34139532.eb34155785.57985.22066895833
2109+355,21:09:31.878732,+35:32:57.597420,KU,C KU X,18.473454,2021-07-25,J2109+3532,14.377499946858734,C,https://data.nrao.edu/portal/#/productViewer/21A-241.sb39968379.eb40006147.59420.36311155093
2110-103,21:10:00.979002,-10:20:57.319410,L,L,8.256058,2019-05-22,J2110-1020,5.983333328040317,B,https://data.nrao.edu/portal/#/productViewer/19A-422.sb36668888.eb36677553.58625.529400162035
2115+295,21:15:29.413455,+29:33:38.366940,L,S,19.924765,2025-01-25,J2115+2933,9.308333356166258,A,https://data.nrao.edu/portal/#/productViewer/24B-418.sb47304303.eb47533941.60700.5545959375
2123+055,21:23:44.517391,+5:35:22.093210,L,S X,18.118674,2022-03-07,J2123+0535,7.479166678385809,A,https://data.nrao.edu/portal/#/productViewer/22A-384.sb41330074.eb41625799.59645.71860008102
2129-156,21:29:12.175902,-15:38:41.040850,C,L X,33.355318,2017-12-03,J2129-1538,25.930000003427267,B,https://data.nrao.edu/portal/#/productViewer/17B-340.sb34527628.eb34756503.58090.972008993056
2129-183,21:29:21.419099,-18:21:22.790190,L,L X,18.141744,2018-06-09,J2129-1821,6.9808333134278655,A,https://data.nrao.edu/portal/#/productViewer/18A-489.sb35477182.eb35478049.58278.48595515046
2130+050,21:30:32.877499,+5:02:17.474690,L,L,4.594375,2018-01-14,J2130+0502,7.479166657431051,B,https://data.nrao.edu/portal/#/productViewer/17B-130.sb34053560.eb34825756.58132.835104004625
2131-121,21:31:35.261758,-12:07:04.795880,L,L S,23.712783,2017-01-11,2131-121,10.969166660215706,A,https://data.nrao.edu/portal/#/productViewer/16B-306.sb33141521.eb33308706.57764.968783055556
2134-018,21:34:10.309614,-1:53:17.238900,L,C L S,11.517164,2024-12-03,J2134-0153,5.484166655223817,A,https://data.nrao.edu/portal/#/productViewer/24B-301.sb46881603.eb47342705.60647.98770333333
2137+510,21:37:01.001500,+51:01:36.079000,X,X,13.840431,2017-05-25,J2137+5101,15.990000001620501,C,https://data.nrao.edu/portal/#/productViewer/17A-218.sb33814704.eb33816086.57898.453904525464
2137-207,21:37:50.001800,-20:42:31.751000,L,S,21.814045,2024-01-09,J2137-2042,23.967499961145222,D,https://data.nrao.edu/portal/#/productViewer/23B-236.sb44632481.eb45013522.60318.79120050926
2139+143,21:39:01.309267,+14:23:35.991990,L,S,3.960965,2017-02-25,J2139+143,6.979999974137172,D,https://data.nrao.edu/portal/#/productViewer/17A-167.sb33475643.eb33560335.57809.78770505787
2147+094,21:47:10.162971,+9:29:46.672450,X,C X,16.386325,2021-06-24,J2152+1734,3.108333321288228,C,https://data.nrao.edu/portal/#/productViewer/21A-213.sb39868363.eb39966573.59389.341867696756
2148+069,21:48:05.458679,+6:57:38.604220,L,L,3.081179,2017-02-11,J2148+0657,9.723316688323393,D,https://data.nrao.edu/portal/#/productViewer/17A-004.sb33239406.eb33496856.57795.69639670139
2148+611,21:48:16.045400,+61:07:05.838000,L,L,21.239,2016-09-03,J2052+3635,28.4216666710563,B,https://data.nrao.edu/portal/#/productViewer/S91005.sb32542958.eb32681358.57633.940820625
2151+058,21:51:37.875501,+5:52:12.954350,L,S,549.692879,2025-09-11,J1929+0507,12.64916668413207,B,https://data.nrao.edu/portal/#/productViewer/VLASS4.1.sb49212422.eb49528653.60929.16666857639
2152+175,21:52:24.819405,+17:34:37.794820,L,L,36.522507,2019-08-20,J2152+1734,13.13083331566304,A,https://data.nrao.edu/portal/#/productViewer/18B-405.sb37082313.eb37092450.58715.20320743056
2202+422,22:02:43.291377,+42:16:39.979940,L,S,7.679978,2022-10-03,J2202+4216,8.642500009154901,C,https://data.nrao.edu/portal/#/productViewer/22B-042.sb42593172.eb42827502.59855.00716311343
2203+317,22:03:14.975790,+31:45:38.269940,L,C S,37.775863,2020-12-12,J2203+3145,11.967499984893948,A,https://data.nrao.edu/portal/#/productViewer/20B-242.sb39106549.eb39178820.59195.843486087964
2203+174,22:03:26.893691,+17:25:48.247840,KU,KU X,30.588483,2018-06-07,J2203+3145,2.909166676690802,A,https://data.nrao.edu/portal/#/productViewer/18A-034.sb35379173.eb35476705.58276.38824684027
2206-185,22:06:10.417082,-18:35:38.746520,L,L,9.207233,2017-02-12,J1923-2104,4.986666671466082,D,https://data.nrao.edu/portal/#/productViewer/17A-025.sb33388792.eb33497856.57796.7248419213
2212+018,22:12:37.977000,+1:52:51.151000,L,L,9.174858,2022-07-30,J2212+0152,11.967499984893948,D,https://data.nrao.edu/portal/#/productViewer/22A-023.sb41849950.eb42468880.59790.292993020834
2213-254,22:13:02.497951,-25:29:30.079710,X,X,17.794372,2024-01-30,J2158-1501,4.903333350084722,C,https://data.nrao.edu/portal/#/productViewer/24A-309.sb45096315.eb45217048.60339.834893113424
2214-385,22:14:38.569313,-38:35:45.009880,L,L,22.36022,2017-06-25,J2214-3835,25.729166680248454,C,https://data.nrao.edu/portal/#/productViewer/16B-251.sb33684655.eb33979470.57929.40790219908
2216+353,22:16:20.009910,+35:18:14.180560,C,X,21.425018,2019-08-31,J2216+3518,8.974999965867028,A,https://data.nrao.edu/portal/#/productViewer/SK0421.sb37138512.eb37163830.58726.197072800926
2218-035,22:18:52.037725,-3:35:36.879410,C,C,7.698647,2019-08-29,J2218-0335,10.005833313334733,A,https://data.nrao.edu/portal/#/productViewer/19A-143.sb36840056.eb37140247.58724.32270777778
2225-049,22:25:47.259291,-4:57:01.390730,X,C X,37.052468,2022-08-25,J2320+0513,2.659166681114584,D,https://data.nrao.edu/portal/#/productViewer/22A-378.sb42494764.eb42544296.59816.21948731481
2236+284,22:36:22.470860,+28:28:57.413290,L,S,4.120915,2022-05-26,J2236+2828,7.114166667452082,A,https://data.nrao.edu/portal/#/productViewer/22A-141.sb41176971.eb41822011.59725.43640582176
2236-145,22:36:34.087168,-14:33:22.189590,C,C,19.499039,2021-04-02,J2236-1433,4.155833297409117,D,https://data.nrao.edu/portal/#/productViewer/21A-148.sb39420197.eb39560796.59306.683016574076
2241+098,22:41:49.717334,+9:53:52.445290,C,C,13.67318,2023-04-16,J2241+0953,9.722499987110496,B,https://data.nrao.edu/portal/#/productViewer/23A-038.sb43099659.eb43818554.60050.7977849537
2246-121,22:46:18.231976,-12:06:51.277340,L,S,5.927942,2016-09-04,J2246-1206cal,5.983333328040317,B,https://data.nrao.edu/portal/#/productViewer/16A-202.sb32483069.eb32684693.57635.24814601852
2248-325,22:48:38.685732,-32:35:52.187830,L,C S,12.496664,2023-05-23,J2248-3235,13.46333334571682,B,https://data.nrao.edu/portal/#/productViewer/23A-068.sb43387534.eb43996418.60087.53266765046
2250+143,22:50:25.540000,+14:19:50.600000,C,X,21.820879,2019-11-28,J2025+0316,6.981666694628075,D,https://data.nrao.edu/portal/#/productViewer/19B-109.sb37521244.eb37565588.58814.989990567134
2254+247,22:54:09.341903,+24:45:23.422800,L,S X,4.160023,2022-11-26,J2254+2445,3.2399999967310578,C,https://data.nrao.edu/portal/#/productViewer/22B-240.sb42872582.eb43022624.59909.1994543287
2255+132,22:55:03.729000,+13:13:33.010000,L,L,4.220555,2017-04-14,J2255+1313,8.394166639773175,D,https://data.nrao.edu/portal/#/productViewer/17A-210.sb33375334.eb33649843.57857.84621354166
2257-364,22:57:10.614100,-36:27:43.710000,C,C,1.022422,2018-09-10,J2257-3627,14.660000007133931,D,https://data.nrao.edu/portal/#/productViewer/SE0229.sb35581279.eb35598681_000.58371.27884038194
2257+419,22:57:22.072903,+41:54:16.530910,C,C,35.717542,2024-10-15,J2257+4154,11.468333364464343,A,https://data.nrao.edu/portal/#/productViewer/24B-110.sb46866668.eb46965853.60598.048360162036
2300+169,23:00:42.994100,+16:55:14.401000,X,C X,26.35397,2019-11-11,J2300+1655,4.404166677268222,D,https://data.nrao.edu/portal/#/productViewer/19B-139.sb37400463.eb37513911.58798.97399722222
2302-373,23:02:23.890588,-37:18:06.842000,L,L,73.150305,2017-02-12,J2302-3718,23.934166620019823,D,https://data.nrao.edu/portal/#/productViewer/17A-008.sb33324269.eb33497860.57796.79758064815
2314-316,23:14:48.500631,-31:38:39.526510,L,S,18.895862,2024-12-01,J2314-3138,9.972499972209334,A,https://data.nrao.edu/portal/#/productViewer/24B-220.sb46798914.eb47329822.60645.04723513889
2316+040,23:16:35.209800,+4:05:18.148000,L,L,5.982415,2018-10-02,J2316+0405,7.89666666649282,D,https://data.nrao.edu/portal/#/productViewer/18A-146.sb35425333.eb35624056.58393.24443209491
2320+052,23:20:44.856598,+5:13:49.952660,X,C X,16.270054,2022-07-30,J2346+0930,1.745833356399089,D,https://data.nrao.edu/portal/#/productViewer/22A-378.sb41931539.eb42469037.59790.51493641204
2321-163,23:21:01.958900,-16:23:05.187000,L,L,171.731828,2022-07-29,J2321-1623,41.88499999581836,D,https://data.nrao.edu/portal/#/productViewer/20A-346.sb42431968.eb42466407.59789.27281421296
2322+509,23:22:25.982159,+50:57:51.963710,X,X,36.922749,2018-04-14,J2322+5057,3.4399999806191772,A,https://data.nrao.edu/portal/#/productViewer/18A-299.sb35183350.eb35341605.58222.922471620375
2323-032,23:23:31.953757,-3:17:05.023800,C,C,17.410832,2024-11-04,J2323-0317,10.63833334017545,A,https://data.nrao.edu/portal/#/productViewer/24B-169.sb46708871.eb47172718.60618.15048674769
2327+096,23:27:33.580579,+9:40:09.462780,KU,K X,15.254334,2023-07-06,J2327+0940,1.9950000126846135,A,https://data.nrao.edu/portal/#/productViewer/23A-361.sb44228463.eb44305375.60131.599441921295
2330+110,23:30:40.852257,+11:00:18.709840,L,L,8.948914,2017-09-25,2330+110,7.977483321446925,B,https://data.nrao.edu/portal/#/productViewer/17B-074.sb34091604.eb34498111.58021.13048049768
2331-159,23:31:38.652436,-15:56:57.009520,C,X,21.762137,2023-09-29,J2331-1556,5.151666667079553,A,https://data.nrao.edu/portal/#/productViewer/23A-249.sb44531696.eb44600545.60216.40666087963
2333+390,23:33:02.533406,+39:01:12.048840,L,L,11.088542,2024-12-10,J2333+3901,9.159166639437899,A,https://data.nrao.edu/portal/#/productViewer/24B-465.sb47270896.eb47375690.60654.926554687496
2333-237,23:33:55.237807,-23:43:40.657990,L,S,5.927942,2016-09-03,J2333-2343cal,5.984166688285768,B,https://data.nrao.edu/portal/#/productViewer/16A-202.sb32459232.eb32682158.57634.25960453704
2334+076,23:34:12.828194,+7:36:27.552040,KU,KU X,30.588483,2018-06-07,J2203+3145,2.909166676690802,A,https://data.nrao.edu/portal/#/productViewer/18A-034.sb35379173.eb35476705.58276.38824684027
2340+266,23:40:29.029462,+26:41:56.804850,C,C X,7.798758,2022-11-16,J2340+2641,3.191666674101725,C,https://data.nrao.edu/portal/#/productViewer/22B-240.sb42878071.eb42990624.59899.09906601852
2341-351,23:41:45.891000,-35:06:22.130000,L,L,12.247746,2017-07-19,J2341-3506,54.84666664036922,C,https://data.nrao.edu/portal/#/productViewer/17A-293.sb33848958.eb34037770.57953.347049814816
2344+824,23:44:03.771800,+82:26:40.401000,L,L,17.790258,2017-11-16,J2344+8226,21.940000019967556,B,https://data.nrao.edu/portal/#/productViewer/17B-370.sb34664219.eb34692898_000.58073.18390297454
2346+095,23:46:36.838558,+9:30:45.514970,X,KA,14.235795,2024-03-12,J2346+0930,17.9508333443664,C,https://data.nrao.edu/portal/#/productViewer/SA101269.sb45189188.eb45299195.60381.65584369213
2350+646,23:50:54.917600,+64:40:17.830000,L,L,11.336491,2023-10-29,J2350+6440,12.964166630990803,D,https://data.nrao.edu/portal/#/productViewer/23B-079.sb44649808.eb44756893.60246.03351306713
2354-152,23:54:30.195190,-15:13:11.213010,C,X,37.452961,2016-11-30,J0125-0005,6.9316666724625975,A,https://data.nrao.edu/portal/#/productViewer/16B-084.sb32940418.eb33045289.57722.10576277778
2357-114,23:57:31.197570,-11:25:39.176340,L,S,5.940026,2016-09-03,J2357-1125cal,5.984166688285768,B,https://data.nrao.edu/portal/#/productViewer/16A-202.sb32518651.eb32682159.57634.27692040509
2358-103,23:58:10.882409,-10:20:08.611260,C,C L S X,6.720223,2020-09-01,J2358-1020,5.735000011045486,B,https://data.nrao.edu/portal/#/productViewer/20B-406.sb38614301.eb38627579.59093.27090224537
2359-315,23:59:35.494000,-31:33:43.820000,C,L X,21.503553,2022-10-27,J2359-3133,16.438333354890347,C,https://data.nrao.edu/portal/#/productViewer/22B-299.sb42917773.eb42956694.59879.18984140047
