folder,ms,original_ms,use_selfcal,image_output_dir,error
0005+383,/Users/u1528314/repos/radioastro-ml/collect/extracted2/0005+383/selfcal/0005+383_selfcal.ms,/Users/u1528314/repos/radioastro-ml/collect/extracted2/0005+383/0005+383/0005+383.ms,True,/Users/u1528314/repos/radioastro-ml/collect/extracted2/0005+383/selfcal/images,FileNotFoundError: selfcal MS not found for 0005+383: /Users/u1528314/repos/radioastro-ml/collect/extracted2/0005+383/selfcal/0005+383_selfcal.ms. Run scripts.selfcal_extracted.main() first.
0006-063,/Users/u1528314/repos/radioastro-ml/collect/extracted2/0006-063/selfcal/0006-063_selfcal.ms,/Users/u1528314/repos/radioastro-ml/collect/extracted2/0006-063/0006-063/0006-063.ms,True,/Users/u1528314/repos/radioastro-ml/collect/extracted2/0006-063/selfcal/images,FileNotFoundError: selfcal MS not found for 0006-063: /Users/u1528314/repos/radioastro-ml/collect/extracted2/0006-063/selfcal/0006-063_selfcal.ms. Run scripts.selfcal_extracted.main() first.
0042+233,/Users/u1528314/repos/radioastro-ml/collect/extracted2/0042+233/selfcal/0042+233_selfcal.ms,/Users/u1528314/repos/radioastro-ml/collect/extracted2/0042+233/0042+233/0042+233.ms,True,/Users/u1528314/repos/radioastro-ml/collect/extracted2/0042+233/selfcal/images,FileNotFoundError: selfcal MS not found for 0042+233: /Users/u1528314/repos/radioastro-ml/collect/extracted2/0042+233/selfcal/0042+233_selfcal.ms. Run scripts.selfcal_extracted.main() first.
0149+059,/Users/u1528314/repos/radioastro-ml/collect/extracted2/0149+059/selfcal/0149+059_selfcal.ms,/Users/u1528314/repos/radioastro-ml/collect/extracted2/0149+059/0149+059/0149+059.ms,True,/Users/u1528314/repos/radioastro-ml/collect/extracted2/0149+059/selfcal/images,FileNotFoundError: selfcal MS not found for 0149+059: /Users/u1528314/repos/radioastro-ml/collect/extracted2/0149+059/selfcal/0149+059_selfcal.ms. Run scripts.selfcal_extracted.main() first.
0201-115,/Users/u1528314/repos/radioastro-ml/collect/extracted2/0201-115/selfcal/0201-115_selfcal.ms,/Users/u1528314/repos/radioastro-ml/collect/extracted2/0201-115/0201-115/0201-115.ms,True,/Users/u1528314/repos/radioastro-ml/collect/extracted2/0201-115/selfcal/images,FileNotFoundError: selfcal MS not found for 0201-115: /Users/u1528314/repos/radioastro-ml/collect/extracted2/0201-115/selfcal/0201-115_selfcal.ms. Run scripts.selfcal_extracted.main() first.
0323+055,/Users/u1528314/repos/radioastro-ml/collect/extracted2/0323+055/selfcal/0323+055_selfcal.ms,/Users/u1528314/repos/radioastro-ml/collect/extracted2/0323+055/0323+055/0323+055.ms,True,/Users/u1528314/repos/radioastro-ml/collect/extracted2/0323+055/selfcal/images,FileNotFoundError: selfcal MS not found for 0323+055: /Users/u1528314/repos/radioastro-ml/collect/extracted2/0323+055/selfcal/0323+055_selfcal.ms. Run scripts.selfcal_extracted.main() first.
0329+279,/Users/u1528314/repos/radioastro-ml/collect/extracted2/0329+279/selfcal/0329+279_selfcal.ms,/Users/u1528314/repos/radioastro-ml/collect/extracted2/0329+279/0329+279/0329+279.ms,True,/Users/u1528314/repos/radioastro-ml/collect/extracted2/0329+279/selfcal/images,FileNotFoundError: selfcal MS not found for 0329+279: /Users/u1528314/repos/radioastro-ml/collect/extracted2/0329+279/selfcal/0329+279_selfcal.ms. Run scripts.selfcal_extracted.main() first.
0403+260,/Users/u1528314/repos/radioastro-ml/collect/extracted2/0403+260/selfcal/0403+260_selfcal.ms,/Users/u1528314/repos/radioastro-ml/collect/extracted2/0403+260/0403+260/0403+260.ms,True,/Users/u1528314/repos/radioastro-ml/collect/extracted2/0403+260/selfcal/images,FileNotFoundError: selfcal MS not found for 0403+260: /Users/u1528314/repos/radioastro-ml/collect/extracted2/0403+260/selfcal/0403+260_selfcal.ms. Run scripts.selfcal_extracted.main() first.
0405-131,/Users/u1528314/repos/radioastro-ml/collect/extracted2/0405-131/selfcal/0405-131_selfcal.ms,/Users/u1528314/repos/radioastro-ml/collect/extracted2/0405-131/0405-131/0405-131.ms,True,/Users/u1528314/repos/radioastro-ml/collect/extracted2/0405-131/selfcal/images,FileNotFoundError: selfcal MS not found for 0405-131: /Users/u1528314/repos/radioastro-ml/collect/extracted2/0405-131/selfcal/0405-131_selfcal.ms. Run scripts.selfcal_extracted.main() first.
0432+416,/Users/u1528314/repos/radioastro-ml/collect/extracted2/0432+416/selfcal/0432+416_selfcal.ms,/Users/u1528314/repos/radioastro-ml/collect/extracted2/0432+416/0432+416/0432+416.ms,True,/Users/u1528314/repos/radioastro-ml/collect/extracted2/0432+416/selfcal/images,FileNotFoundError: selfcal MS not found for 0432+416: /Users/u1528314/repos/radioastro-ml/collect/extracted2/0432+416/selfcal/0432+416_selfcal.ms. Run scripts.selfcal_extracted.main() first.
0650-166,/Users/u1528314/repos/radioastro-ml/collect/extracted2/0650-166/selfcal/0650-166_selfcal.ms,/Users/u1528314/repos/radioastro-ml/collect/extracted2/0650-166/0650-166/0650-166.ms,True,/Users/u1528314/repos/radioastro-ml/collect/extracted2/0650-166/selfcal/images,FileNotFoundError: selfcal MS not found for 0650-166: /Users/u1528314/repos/radioastro-ml/collect/extracted2/0650-166/selfcal/0650-166_selfcal.ms. Run scripts.selfcal_extracted.main() first.
0653-064,/Users/u1528314/repos/radioastro-ml/collect/extracted2/0653-064/selfcal/0653-064_selfcal.ms,/Users/u1528314/repos/radioastro-ml/collect/extracted2/0653-064/0653-064/0653-064.ms,True,/Users/u1528314/repos/radioastro-ml/collect/extracted2/0653-064/selfcal/images,FileNotFoundError: selfcal MS not found for 0653-064: /Users/u1528314/repos/radioastro-ml/collect/extracted2/0653-064/selfcal/0653-064_selfcal.ms. Run scripts.selfcal_extracted.main() first.
0738+177,/Users/u1528314/repos/radioastro-ml/collect/extracted2/0738+177/selfcal/0738+177_selfcal.ms,/Users/u1528314/repos/radioastro-ml/collect/extracted2/0738+177/0738+177/0738+177.ms,True,/Users/u1528314/repos/radioastro-ml/collect/extracted2/0738+177/selfcal/images,FileNotFoundError: selfcal MS not found for 0738+177: /Users/u1528314/repos/radioastro-ml/collect/extracted2/0738+177/selfcal/0738+177_selfcal.ms. Run scripts.selfcal_extracted.main() first.
0832+492,/Users/u1528314/repos/radioastro-ml/collect/extracted2/0832+492/selfcal/0832+492_selfcal.ms,/Users/u1528314/repos/radioastro-ml/collect/extracted2/0832+492/0832+492/0832+492.ms,True,/Users/u1528314/repos/radioastro-ml/collect/extracted2/0832+492/selfcal/images,FileNotFoundError: selfcal MS not found for 0832+492: /Users/u1528314/repos/radioastro-ml/collect/extracted2/0832+492/selfcal/0832+492_selfcal.ms. Run scripts.selfcal_extracted.main() first.
0841+708,/Users/u1528314/repos/radioastro-ml/collect/extracted2/0841+708/selfcal/0841+708_selfcal.ms,/Users/u1528314/repos/radioastro-ml/collect/extracted2/0841+708/0841+708/0841+708.ms,True,/Users/u1528314/repos/radioastro-ml/collect/extracted2/0841+708/selfcal/images,FileNotFoundError: selfcal MS not found for 0841+708: /Users/u1528314/repos/radioastro-ml/collect/extracted2/0841+708/selfcal/0841+708_selfcal.ms. Run scripts.selfcal_extracted.main() first.
0948+406,/Users/u1528314/repos/radioastro-ml/collect/extracted2/0948+406/selfcal/0948+406_selfcal.ms,/Users/u1528314/repos/radioastro-ml/collect/extracted2/0948+406/0948+406/0948+406.ms,True,/Users/u1528314/repos/radioastro-ml/collect/extracted2/0948+406/selfcal/images,FileNotFoundError: selfcal MS not found for 0948+406: /Users/u1528314/repos/radioastro-ml/collect/extracted2/0948+406/selfcal/0948+406_selfcal.ms. Run scripts.selfcal_extracted.main() first.
0954+177,/Users/u1528314/repos/radioastro-ml/collect/extracted2/0954+177/selfcal/0954+177_selfcal.ms,/Users/u1528314/repos/radioastro-ml/collect/extracted2/0954+177/0954+177/0954+177.ms,True,/Users/u1528314/repos/radioastro-ml/collect/extracted2/0954+177/selfcal/images,FileNotFoundError: selfcal MS not found for 0954+177: /Users/u1528314/repos/radioastro-ml/collect/extracted2/0954+177/selfcal/0954+177_selfcal.ms. Run scripts.selfcal_extracted.main() first.
0956+252,/Users/u1528314/repos/radioastro-ml/collect/extracted2/0956+252/selfcal/0956+252_selfcal.ms,/Users/u1528314/repos/radioastro-ml/collect/extracted2/0956+252/0956+252/0956+252.ms,True,/Users/u1528314/repos/radioastro-ml/collect/extracted2/0956+252/selfcal/images,FileNotFoundError: selfcal MS not found for 0956+252: /Users/u1528314/repos/radioastro-ml/collect/extracted2/0956+252/selfcal/0956+252_selfcal.ms. Run scripts.selfcal_extracted.main() first.
1016+206,/Users/u1528314/repos/radioastro-ml/collect/extracted2/1016+206/selfcal/1016+206_selfcal.ms,/Users/u1528314/repos/radioastro-ml/collect/extracted2/1016+206/1016+206/1016+206.ms,True,/Users/u1528314/repos/radioastro-ml/collect/extracted2/1016+206/selfcal/images,FileNotFoundError: selfcal MS not found for 1016+206: /Users/u1528314/repos/radioastro-ml/collect/extracted2/1016+206/selfcal/1016+206_selfcal.ms. Run scripts.selfcal_extracted.main() first.
1024-008,/Users/u1528314/repos/radioastro-ml/collect/extracted2/1024-008/selfcal/1024-008_selfcal.ms,/Users/u1528314/repos/radioastro-ml/collect/extracted2/1024-008/1024-008/1024-008.ms,True,/Users/u1528314/repos/radioastro-ml/collect/extracted2/1024-008/selfcal/images,FileNotFoundError: selfcal MS not found for 1024-008: /Users/u1528314/repos/radioastro-ml/collect/extracted2/1024-008/selfcal/1024-008_selfcal.ms. Run scripts.selfcal_extracted.main() first.
1048+717,/Users/u1528314/repos/radioastro-ml/collect/extracted2/1048+717/selfcal/1048+717_selfcal.ms,/Users/u1528314/repos/radioastro-ml/collect/extracted2/1048+717/1048+717/1048+717.ms,True,/Users/u1528314/repos/radioastro-ml/collect/extracted2/1048+717/selfcal/images,FileNotFoundError: selfcal MS not found for 1048+717: /Users/u1528314/repos/radioastro-ml/collect/extracted2/1048+717/selfcal/1048+717_selfcal.ms. Run scripts.selfcal_extracted.main() first.
1119-030,/Users/u1528314/repos/radioastro-ml/collect/extracted2/1119-030/selfcal/1119-030_selfcal.ms,/Users/u1528314/repos/radioastro-ml/collect/extracted2/1119-030/1119-030/1119-030.ms,True,/Users/u1528314/repos/radioastro-ml/collect/extracted2/1119-030/selfcal/images,FileNotFoundError: selfcal MS not found for 1119-030: /Users/u1528314/repos/radioastro-ml/collect/extracted2/1119-030/selfcal/1119-030_selfcal.ms. Run scripts.selfcal_extracted.main() first.
1125+261,/Users/u1528314/repos/radioastro-ml/collect/extracted2/1125+261/selfcal/1125+261_selfcal.ms,/Users/u1528314/repos/radioastro-ml/collect/extracted2/1125+261/1125+261/1125+261.ms,True,/Users/u1528314/repos/radioastro-ml/collect/extracted2/1125+261/selfcal/images,FileNotFoundError: selfcal MS not found for 1125+261: /Users/u1528314/repos/radioastro-ml/collect/extracted2/1125+261/selfcal/1125+261_selfcal.ms. Run scripts.selfcal_extracted.main() first.
1147-074,/Users/u1528314/repos/radioastro-ml/collect/extracted2/1147-074/selfcal/1147-074_selfcal.ms,/Users/u1528314/repos/radioastro-ml/collect/extracted2/1147-074/1147-074/1147-074.ms,True,/Users/u1528314/repos/radioastro-ml/collect/extracted2/1147-074/selfcal/images,FileNotFoundError: selfcal MS not found for 1147-074: /Users/u1528314/repos/radioastro-ml/collect/extracted2/1147-074/selfcal/1147-074_selfcal.ms. Run scripts.selfcal_extracted.main() first.
1150+242,/Users/u1528314/repos/radioastro-ml/collect/extracted2/1150+242/selfcal/1150+242_selfcal.ms,/Users/u1528314/repos/radioastro-ml/collect/extracted2/1150+242/1150+242/1150+242.ms,True,/Users/u1528314/repos/radioastro-ml/collect/extracted2/1150+242/selfcal/images,FileNotFoundError: selfcal MS not found for 1150+242: /Users/u1528314/repos/radioastro-ml/collect/extracted2/1150+242/selfcal/1150+242_selfcal.ms. Run scripts.selfcal_extracted.main() first.
1159+292,/Users/u1528314/repos/radioastro-ml/collect/extracted2/1159+292/selfcal/1159+292_selfcal.ms,/Users/u1528314/repos/radioastro-ml/collect/extracted2/1159+292/1159+292/1159+292.ms,True,/Users/u1528314/repos/radioastro-ml/collect/extracted2/1159+292/selfcal/images,FileNotFoundError: selfcal MS not found for 1159+292: /Users/u1528314/repos/radioastro-ml/collect/extracted2/1159+292/selfcal/1159+292_selfcal.ms. Run scripts.selfcal_extracted.main() first.
1224+035,/Users/u1528314/repos/radioastro-ml/collect/extracted2/1224+035/selfcal/1224+035_selfcal.ms,/Users/u1528314/repos/radioastro-ml/collect/extracted2/1224+035/1224+035/1224+035.ms,True,/Users/u1528314/repos/radioastro-ml/collect/extracted2/1224+035/selfcal/images,FileNotFoundError: selfcal MS not found for 1224+035: /Users/u1528314/repos/radioastro-ml/collect/extracted2/1224+035/selfcal/1224+035_selfcal.ms. Run scripts.selfcal_extracted.main() first.
1248-199,/Users/u1528314/repos/radioastro-ml/collect/extracted2/1248-199/selfcal/1248-199_selfcal.ms,/Users/u1528314/repos/radioastro-ml/collect/extracted2/1248-199/1248-199/1248-199.ms,True,/Users/u1528314/repos/radioastro-ml/collect/extracted2/1248-199/selfcal/images,FileNotFoundError: selfcal MS not found for 1248-199: /Users/u1528314/repos/radioastro-ml/collect/extracted2/1248-199/selfcal/1248-199_selfcal.ms. Run scripts.selfcal_extracted.main() first.
1305-105,/Users/u1528314/repos/radioastro-ml/collect/extracted2/1305-105/selfcal/1305-105_selfcal.ms,/Users/u1528314/repos/radioastro-ml/collect/extracted2/1305-105/1305-105/1305-105.ms,True,/Users/u1528314/repos/radioastro-ml/collect/extracted2/1305-105/selfcal/images,FileNotFoundError: selfcal MS not found for 1305-105: /Users/u1528314/repos/radioastro-ml/collect/extracted2/1305-105/selfcal/1305-105_selfcal.ms. Run scripts.selfcal_extracted.main() first.
1309+119,/Users/u1528314/repos/radioastro-ml/collect/extracted2/1309+119/selfcal/1309+119_selfcal.ms,/Users/u1528314/repos/radioastro-ml/collect/extracted2/1309+119/1309+119/1309+119.ms,True,/Users/u1528314/repos/radioastro-ml/collect/extracted2/1309+119/selfcal/images,FileNotFoundError: selfcal MS not found for 1309+119: /Users/u1528314/repos/radioastro-ml/collect/extracted2/1309+119/selfcal/1309+119_selfcal.ms. Run scripts.selfcal_extracted.main() first.
1327+221,/Users/u1528314/repos/radioastro-ml/collect/extracted2/1327+221/selfcal/1327+221_selfcal.ms,/Users/u1528314/repos/radioastro-ml/collect/extracted2/1327+221/1327+221/1327+221.ms,True,/Users/u1528314/repos/radioastro-ml/collect/extracted2/1327+221/selfcal/images,FileNotFoundError: selfcal MS not found for 1327+221: /Users/u1528314/repos/radioastro-ml/collect/extracted2/1327+221/selfcal/1327+221_selfcal.ms. Run scripts.selfcal_extracted.main() first.
1349+536,/Users/u1528314/repos/radioastro-ml/collect/extracted2/1349+536/selfcal/1349+536_selfcal.ms,/Users/u1528314/repos/radioastro-ml/collect/extracted2/1349+536/1349+536/1349+536.ms,True,/Users/u1528314/repos/radioastro-ml/collect/extracted2/1349+536/selfcal/images,FileNotFoundError: selfcal MS not found for 1349+536: /Users/u1528314/repos/radioastro-ml/collect/extracted2/1349+536/selfcal/1349+536_selfcal.ms. Run scripts.selfcal_extracted.main() first.
1352-442,/Users/u1528314/repos/radioastro-ml/collect/extracted2/1352-442/selfcal/1352-442_selfcal.ms,/Users/u1528314/repos/radioastro-ml/collect/extracted2/1352-442/1352-442/1352-442.ms,True,/Users/u1528314/repos/radioastro-ml/collect/extracted2/1352-442/selfcal/images,FileNotFoundError: selfcal MS not found for 1352-442: /Users/u1528314/repos/radioastro-ml/collect/extracted2/1352-442/selfcal/1352-442_selfcal.ms. Run scripts.selfcal_extracted.main() first.
1411+522,/Users/u1528314/repos/radioastro-ml/collect/extracted2/1411+522/selfcal/1411+522_selfcal.ms,/Users/u1528314/repos/radioastro-ml/collect/extracted2/1411+522/1411+522/1411+522.ms,True,/Users/u1528314/repos/radioastro-ml/collect/extracted2/1411+522/selfcal/images,FileNotFoundError: selfcal MS not found for 1411+522: /Users/u1528314/repos/radioastro-ml/collect/extracted2/1411+522/selfcal/1411+522_selfcal.ms. Run scripts.selfcal_extracted.main() first.
1416+347,/Users/u1528314/repos/radioastro-ml/collect/extracted2/1416+347/selfcal/1416+347_selfcal.ms,/Users/u1528314/repos/radioastro-ml/collect/extracted2/1416+347/1416+347/1416+347.ms,True,/Users/u1528314/repos/radioastro-ml/collect/extracted2/1416+347/selfcal/images,FileNotFoundError: selfcal MS not found for 1416+347: /Users/u1528314/repos/radioastro-ml/collect/extracted2/1416+347/selfcal/1416+347_selfcal.ms. Run scripts.selfcal_extracted.main() first.
1430+107,/Users/u1528314/repos/radioastro-ml/collect/extracted2/1430+107/selfcal/1430+107_selfcal.ms,/Users/u1528314/repos/radioastro-ml/collect/extracted2/1430+107/1430+107/1430+107.ms,True,/Users/u1528314/repos/radioastro-ml/collect/extracted2/1430+107/selfcal/images,FileNotFoundError: selfcal MS not found for 1430+107: /Users/u1528314/repos/radioastro-ml/collect/extracted2/1430+107/selfcal/1430+107_selfcal.ms. Run scripts.selfcal_extracted.main() first.
1432-180,/Users/u1528314/repos/radioastro-ml/collect/extracted2/1432-180/selfcal/1432-180_selfcal.ms,/Users/u1528314/repos/radioastro-ml/collect/extracted2/1432-180/1432-180/1432-180.ms,True,/Users/u1528314/repos/radioastro-ml/collect/extracted2/1432-180/selfcal/images,FileNotFoundError: selfcal MS not found for 1432-180: /Users/u1528314/repos/radioastro-ml/collect/extracted2/1432-180/selfcal/1432-180_selfcal.ms. Run scripts.selfcal_extracted.main() first.
1436+233,/Users/u1528314/repos/radioastro-ml/collect/extracted2/1436+233/selfcal/1436+233_selfcal.ms,/Users/u1528314/repos/radioastro-ml/collect/extracted2/1436+233/1436+233/1436+233.ms,True,/Users/u1528314/repos/radioastro-ml/collect/extracted2/1436+233/selfcal/images,FileNotFoundError: selfcal MS not found for 1436+233: /Users/u1528314/repos/radioastro-ml/collect/extracted2/1436+233/selfcal/1436+233_selfcal.ms. Run scripts.selfcal_extracted.main() first.
1448-163,/Users/u1528314/repos/radioastro-ml/collect/extracted2/1448-163/selfcal/1448-163_selfcal.ms,/Users/u1528314/repos/radioastro-ml/collect/extracted2/1448-163/1448-163/1448-163.ms,True,/Users/u1528314/repos/radioastro-ml/collect/extracted2/1448-163/selfcal/images,FileNotFoundError: selfcal MS not found for 1448-163: /Users/u1528314/repos/radioastro-ml/collect/extracted2/1448-163/selfcal/1448-163_selfcal.ms. Run scripts.selfcal_extracted.main() first.
1505+034,/Users/u1528314/repos/radioastro-ml/collect/extracted2/1505+034/selfcal/1505+034_selfcal.ms,/Users/u1528314/repos/radioastro-ml/collect/extracted2/1505+034/1505+034/1505+034.ms,True,/Users/u1528314/repos/radioastro-ml/collect/extracted2/1505+034/selfcal/images,FileNotFoundError: selfcal MS not found for 1505+034: /Users/u1528314/repos/radioastro-ml/collect/extracted2/1505+034/selfcal/1505+034_selfcal.ms. Run scripts.selfcal_extracted.main() first.
1510-057,/Users/u1528314/repos/radioastro-ml/collect/extracted2/1510-057/selfcal/1510-057_selfcal.ms,/Users/u1528314/repos/radioastro-ml/collect/extracted2/1510-057/1510-057/1510-057.ms,True,/Users/u1528314/repos/radioastro-ml/collect/extracted2/1510-057/selfcal/images,FileNotFoundError: selfcal MS not found for 1510-057: /Users/u1528314/repos/radioastro-ml/collect/extracted2/1510-057/selfcal/1510-057_selfcal.ms. Run scripts.selfcal_extracted.main() first.
1513-102,/Users/u1528314/repos/radioastro-ml/collect/extracted2/1513-102/selfcal/1513-102_selfcal.ms,/Users/u1528314/repos/radioastro-ml/collect/extracted2/1513-102/1513-102/1513-102.ms,True,/Users/u1528314/repos/radioastro-ml/collect/extracted2/1513-102/selfcal/images,FileNotFoundError: selfcal MS not found for 1513-102: /Users/u1528314/repos/radioastro-ml/collect/extracted2/1513-102/selfcal/1513-102_selfcal.ms. Run scripts.selfcal_extracted.main() first.
1549+506,/Users/u1528314/repos/radioastro-ml/collect/extracted2/1549+506/selfcal/1549+506_selfcal.ms,/Users/u1528314/repos/radioastro-ml/collect/extracted2/1549+506/1549+506/1549+506.ms,True,/Users/u1528314/repos/radioastro-ml/collect/extracted2/1549+506/selfcal/images,FileNotFoundError: selfcal MS not found for 1549+506: /Users/u1528314/repos/radioastro-ml/collect/extracted2/1549+506/selfcal/1549+506_selfcal.ms. Run scripts.selfcal_extracted.main() first.
1557-000,/Users/u1528314/repos/radioastro-ml/collect/extracted2/1557-000/selfcal/1557-000_selfcal.ms,/Users/u1528314/repos/radioastro-ml/collect/extracted2/1557-000/1557-000/1557-000.ms,True,/Users/u1528314/repos/radioastro-ml/collect/extracted2/1557-000/selfcal/images,FileNotFoundError: selfcal MS not found for 1557-000: /Users/u1528314/repos/radioastro-ml/collect/extracted2/1557-000/selfcal/1557-000_selfcal.ms. Run scripts.selfcal_extracted.main() first.
1635+381,/Users/u1528314/repos/radioastro-ml/collect/extracted2/1635+381/selfcal/1635+381_selfcal.ms,/Users/u1528314/repos/radioastro-ml/collect/extracted2/1635+381/1635+381/1635+381.ms,True,/Users/u1528314/repos/radioastro-ml/collect/extracted2/1635+381/selfcal/images,FileNotFoundError: selfcal MS not found for 1635+381: /Users/u1528314/repos/radioastro-ml/collect/extracted2/1635+381/selfcal/1635+381_selfcal.ms. Run scripts.selfcal_extracted.main() first.
1653+397,/Users/u1528314/repos/radioastro-ml/collect/extracted2/1653+397/selfcal/1653+397_selfcal.ms,/Users/u1528314/repos/radioastro-ml/collect/extracted2/1653+397/1653+397/1653+397.ms,True,/Users/u1528314/repos/radioastro-ml/collect/extracted2/1653+397/selfcal/images,FileNotFoundError: selfcal MS not found for 1653+397: /Users/u1528314/repos/radioastro-ml/collect/extracted2/1653+397/selfcal/1653+397_selfcal.ms. Run scripts.selfcal_extracted.main() first.
1911-201,/Users/u1528314/repos/radioastro-ml/collect/extracted2/1911-201/selfcal/1911-201_selfcal.ms,/Users/u1528314/repos/radioastro-ml/collect/extracted2/1911-201/1911-201/1911-201.ms,True,/Users/u1528314/repos/radioastro-ml/collect/extracted2/1911-201/selfcal/images,FileNotFoundError: selfcal MS not found for 1911-201: /Users/u1528314/repos/radioastro-ml/collect/extracted2/1911-201/selfcal/1911-201_selfcal.ms. Run scripts.selfcal_extracted.main() first.
1927+612,/Users/u1528314/repos/radioastro-ml/collect/extracted2/1927+612/selfcal/1927+612_selfcal.ms,/Users/u1528314/repos/radioastro-ml/collect/extracted2/1927+612/1927+612/1927+612.ms,True,/Users/u1528314/repos/radioastro-ml/collect/extracted2/1927+612/selfcal/images,FileNotFoundError: selfcal MS not found for 1927+612: /Users/u1528314/repos/radioastro-ml/collect/extracted2/1927+612/selfcal/1927+612_selfcal.ms. Run scripts.selfcal_extracted.main() first.
2007+404,/Users/u1528314/repos/radioastro-ml/collect/extracted2/2007+404/selfcal/2007+404_selfcal.ms,/Users/u1528314/repos/radioastro-ml/collect/extracted2/2007+404/2007+404/2007+404.ms,True,/Users/u1528314/repos/radioastro-ml/collect/extracted2/2007+404/selfcal/images,FileNotFoundError: selfcal MS not found for 2007+404: /Users/u1528314/repos/radioastro-ml/collect/extracted2/2007+404/selfcal/2007+404_selfcal.ms. Run scripts.selfcal_extracted.main() first.
2011-067,/Users/u1528314/repos/radioastro-ml/collect/extracted2/2011-067/selfcal/2011-067_selfcal.ms,/Users/u1528314/repos/radioastro-ml/collect/extracted2/2011-067/2011-067/2011-067.ms,True,/Users/u1528314/repos/radioastro-ml/collect/extracted2/2011-067/selfcal/images,FileNotFoundError: selfcal MS not found for 2011-067: /Users/u1528314/repos/radioastro-ml/collect/extracted2/2011-067/selfcal/2011-067_selfcal.ms. Run scripts.selfcal_extracted.main() first.
2040-251,/Users/u1528314/repos/radioastro-ml/collect/extracted2/2040-251/selfcal/2040-251_selfcal.ms,/Users/u1528314/repos/radioastro-ml/collect/extracted2/2040-251/2040-251/2040-251.ms,True,/Users/u1528314/repos/radioastro-ml/collect/extracted2/2040-251/selfcal/images,FileNotFoundError: selfcal MS not found for 2040-251: /Users/u1528314/repos/radioastro-ml/collect/extracted2/2040-251/selfcal/2040-251_selfcal.ms. Run scripts.selfcal_extracted.main() first.
2202+422,/Users/u1528314/repos/radioastro-ml/collect/extracted2/2202+422/selfcal/2202+422_selfcal.ms,/Users/u1528314/repos/radioastro-ml/collect/extracted2/2202+422/2202+422/2202+422.ms,True,/Users/u1528314/repos/radioastro-ml/collect/extracted2/2202+422/selfcal/images,FileNotFoundError: selfcal MS not found for 2202+422: /Users/u1528314/repos/radioastro-ml/collect/extracted2/2202+422/selfcal/2202+422_selfcal.ms. Run scripts.selfcal_extracted.main() first.
2218-035,/Users/u1528314/repos/radioastro-ml/collect/extracted2/2218-035/selfcal/2218-035_selfcal.ms,/Users/u1528314/repos/radioastro-ml/collect/extracted2/2218-035/2218-035/2218-035.ms,True,/Users/u1528314/repos/radioastro-ml/collect/extracted2/2218-035/selfcal/images,FileNotFoundError: selfcal MS not found for 2218-035: /Users/u1528314/repos/radioastro-ml/collect/extracted2/2218-035/selfcal/2218-035_selfcal.ms. Run scripts.selfcal_extracted.main() first.
2241+098,/Users/u1528314/repos/radioastro-ml/collect/extracted2/2241+098/selfcal/2241+098_selfcal.ms,/Users/u1528314/repos/radioastro-ml/collect/extracted2/2241+098/2241+098/2241+098.ms,True,/Users/u1528314/repos/radioastro-ml/collect/extracted2/2241+098/selfcal/images,FileNotFoundError: selfcal MS not found for 2241+098: /Users/u1528314/repos/radioastro-ml/collect/extracted2/2241+098/selfcal/2241+098_selfcal.ms. Run scripts.selfcal_extracted.main() first.
2316+040,/Users/u1528314/repos/radioastro-ml/collect/extracted2/2316+040/selfcal/2316+040_selfcal.ms,/Users/u1528314/repos/radioastro-ml/collect/extracted2/2316+040/2316+040/2316+040.ms,True,/Users/u1528314/repos/radioastro-ml/collect/extracted2/2316+040/selfcal/images,FileNotFoundError: selfcal MS not found for 2316+040: /Users/u1528314/repos/radioastro-ml/collect/extracted2/2316+040/selfcal/2316+040_selfcal.ms. Run scripts.selfcal_extracted.main() first.
2330+110,/Users/u1528314/repos/radioastro-ml/collect/extracted2/2330+110/selfcal/2330+110_selfcal.ms,/Users/u1528314/repos/radioastro-ml/collect/extracted2/2330+110/2330+110/2330+110.ms,True,/Users/u1528314/repos/radioastro-ml/collect/extracted2/2330+110/selfcal/images,FileNotFoundError: selfcal MS not found for 2330+110: /Users/u1528314/repos/radioastro-ml/collect/extracted2/2330+110/selfcal/2330+110_selfcal.ms. Run scripts.selfcal_extracted.main() first.
2333+390,/Users/u1528314/repos/radioastro-ml/collect/extracted2/2333+390/selfcal/2333+390_selfcal.ms,/Users/u1528314/repos/radioastro-ml/collect/extracted2/2333+390/2333+390/2333+390.ms,True,/Users/u1528314/repos/radioastro-ml/collect/extracted2/2333+390/selfcal/images,FileNotFoundError: selfcal MS not found for 2333+390: /Users/u1528314/repos/radioastro-ml/collect/extracted2/2333+390/selfcal/2333+390_selfcal.ms. Run scripts.selfcal_extracted.main() first.
